#
# There is insufficient memory for the Java Runtime Environment to continue.
# Native memory allocation (mmap) failed to map 65536 bytes. Error detail: Failed to commit metaspace.
# Possible reasons:
#   The system is out of physical RAM or swap space
#   This process is running with CompressedOops enabled, and the Java Heap may be blocking the growth of the native heap
# Possible solutions:
#   Reduce memory load on the system
#   Increase physical memory or swap space
#   Check if swap backing store is full
#   Decrease Java heap size (-Xmx/-Xms)
#   Decrease number of Java threads
#   Decrease Java thread stack sizes (-Xss)
#   Set larger code cache with -XX:ReservedCodeCacheSize=
#   JVM is running with Unscaled Compressed Oops mode in which the Java heap is
#     placed in the first 4GB address space. The Java Heap base address is the
#     maximum limit for the native heap growth. Please use -XX:HeapBaseMinAddress
#     to set the Java Heap base and to place the Java Heap above 4GB virtual address.
# This output file may be truncated or incomplete.
#
#  Out of Memory Error (virtualSpaceNode.cpp:113), pid=16508, tid=14520
#
# JRE version: OpenJDK Runtime Environment (24.0.1+9) (build 24.0.1+9-30)
# Java VM: OpenJDK 64-Bit Server VM (24.0.1+9-30, mixed mode, sharing, tiered, compressed oops, compressed class ptrs, g1 gc, windows-amd64)
# No core dump will be written. Minidumps are not enabled by default on client versions of Windows
#

---------------  S U M M A R Y ------------

Command Line: --add-opens=java.base/java.lang=ALL-UNNAMED --add-opens=java.base/java.lang.invoke=ALL-UNNAMED --add-opens=java.base/java.util=ALL-UNNAMED --add-opens=java.prefs/java.util.prefs=ALL-UNNAMED --add-exports=jdk.compiler/com.sun.tools.javac.api=ALL-UNNAMED --add-exports=jdk.compiler/com.sun.tools.javac.util=ALL-UNNAMED --add-opens=java.base/java.util=ALL-UNNAMED --add-opens=java.prefs/java.util.prefs=ALL-UNNAMED --add-opens=java.base/java.nio.charset=ALL-UNNAMED --add-opens=java.base/java.net=ALL-UNNAMED --add-opens=java.base/java.util.concurrent.atomic=ALL-UNNAMED --add-opens=java.xml/javax.xml.namespace=ALL-UNNAMED --enable-native-access=ALL-UNNAMED -XX:MaxMetaspaceSize=384m -XX:+HeapDumpOnOutOfMemoryError -Xms256m -Xmx512m -Dfile.encoding=UTF-8 -Duser.country=KR -Duser.language=ko -Duser.variant -javaagent:C:\Users\haak1\.gradle\wrapper\dists\gradle-8.14.3-bin\cv11ve7ro1n3o1j4so8xd9n66\gradle-8.14.3\lib\agents\gradle-instrumentation-agent-8.14.3.jar org.gradle.launcher.daemon.bootstrap.GradleDaemon 8.14.3

Host: 11th Gen Intel(R) Core(TM) i5-1135G7 @ 2.40GHz, 8 cores, 19G,  Windows 11 , 64 bit Build 22621 (10.0.22621.5415)
Time: Mon Aug  4 15:41:47 2025  Windows 11 , 64 bit Build 22621 (10.0.22621.5415) elapsed time: 32.850358 seconds (0d 0h 0m 32s)

---------------  T H R E A D  ---------------

Current thread (0x000001cf29fe7c40):  JavaThread "Daemon worker"        [_thread_in_vm, id=14520, stack(0x000000805d800000,0x000000805d900000) (1024K)]

Stack: [0x000000805d800000,0x000000805d900000]
Native frames: (J=compiled Java code, j=interpreted, Vv=VM code, C=native code)
V  [jvm.dll+0x730739]  (no source info available)
V  [jvm.dll+0x8d9b23]  (no source info available)
V  [jvm.dll+0x8dc00d]  (no source info available)
V  [jvm.dll+0x8dc683]  (no source info available)
V  [jvm.dll+0x2aa086]  (no source info available)
V  [jvm.dll+0x8d56de]  (no source info available)
V  [jvm.dll+0x6ccd85]  (no source info available)
V  [jvm.dll+0x20a71c]  (no source info available)
V  [jvm.dll+0x20a4ee]  (no source info available)
V  [jvm.dll+0x6cf9a7]  (no source info available)
V  [jvm.dll+0x6cf567]  (no source info available)
V  [jvm.dll+0x24c75c]  (no source info available)
V  [jvm.dll+0x6cd7a8]  (no source info available)
V  [jvm.dll+0x2912d3]  (no source info available)
V  [jvm.dll+0x23b637]  (no source info available)
V  [jvm.dll+0x2315a4]  (no source info available)
V  [jvm.dll+0x6000a3]  (no source info available)
V  [jvm.dll+0x84b1a6]  (no source info available)
V  [jvm.dll+0x4b5eeb]  (no source info available)
V  [jvm.dll+0x4bba75]  (no source info available)
C  [java.dll+0x17ba]  (no source info available)

Java frames: (J=compiled Java code, j=interpreted, Vv=VM code)
J 876  java.lang.ClassLoader.defineClass1(Ljava/lang/ClassLoader;Ljava/lang/String;[BIILjava/security/ProtectionDomain;Ljava/lang/String;)Ljava/lang/Class; java.base@24.0.1 (0 bytes) @ 0x000001cf07b0efc1 [0x000001cf07b0ef00+0x00000000000000c1]
J 4735 c2 java.security.SecureClassLoader.defineClass(Ljava/lang/String;[BIILjava/security/CodeSource;)Ljava/lang/Class; java.base@24.0.1 (16 bytes) @ 0x000001cf07d10310 [0x000001cf07d0fcc0+0x0000000000000650]
J 4647 c2 java.lang.ClassLoader.loadClass(Ljava/lang/String;Z)Ljava/lang/Class; java.base@24.0.1 (121 bytes) @ 0x000001cf07cff968 [0x000001cf07cfe5e0+0x0000000000001388]
J 3768 c2 java.lang.ClassLoader.loadClass(Ljava/lang/String;)Ljava/lang/Class; java.base@24.0.1 (7 bytes) @ 0x000001cf07c605bc [0x000001cf07c60580+0x000000000000003c]
v  ~StubRoutines::call_stub 0x000001cf07530fcd
j  org.gradle.model.internal.registry.RuleBindings$TypePredicateIndex.scopeForPath(Lorg/gradle/model/internal/core/ModelPath;)Lorg/gradle/model/internal/registry/RuleBindings$ScopeIndex;+18
j  org.gradle.model.internal.registry.RuleBindings$TypePredicateIndex.addNodeToScope(Lorg/gradle/model/internal/core/ModelPath;Lorg/gradle/model/internal/registry/ModelNodeInternal;)V+2
j  org.gradle.model.internal.registry.RuleBindings.nodeDiscovered(Lorg/gradle/model/internal/registry/ModelNodeInternal;)V+17
j  org.gradle.model.internal.registry.DefaultModelRegistry$NotifyDiscovered.apply()V+11
j  org.gradle.model.internal.registry.DefaultModelRegistry.lambda$transitionTo$0(Lorg/gradle/model/internal/registry/DefaultModelRegistry$ModelGoal;Lorg/gradle/model/internal/registry/DefaultModelRegistry$GoalGraph;)V+116
j  org.gradle.model.internal.registry.DefaultModelRegistry$$Lambda+0x000001cf10637078.run()V+12
j  org.gradle.internal.service.scopes.ProjectScopeServices.lambda$createModelRegistry$2(Ljava/lang/Runnable;Lorg/gradle/api/internal/project/ProjectInternal;)V+1
j  org.gradle.internal.service.scopes.ProjectScopeServices$$Lambda+0x000001cf106372b0.accept(Ljava/lang/Object;)V+8
j  org.gradle.api.internal.project.DefaultProjectStateRegistry$ProjectStateImpl.lambda$applyToMutableState$1(Ljava/util/function/Consumer;Lorg/gradle/api/internal/project/ProjectInternal;)Ljava/lang/Object;+2
j  org.gradle.api.internal.project.DefaultProjectStateRegistry$ProjectStateImpl$$Lambda+0x000001cf10616478.apply(Ljava/lang/Object;)Ljava/lang/Object;+8
j  org.gradle.api.internal.project.DefaultProjectStateRegistry$ProjectStateImpl.fromMutableState(Ljava/util/function/Function;)Ljava/lang/Object;+97
j  org.gradle.api.internal.project.DefaultProjectStateRegistry$ProjectStateImpl.applyToMutableState(Ljava/util/function/Consumer;)V+7
j  org.gradle.internal.service.scopes.ProjectScopeServices.lambda$createModelRegistry$3(Ljava/lang/Runnable;)V+15
j  org.gradle.internal.service.scopes.ProjectScopeServices$$Lambda+0x000001cf10633650.withMutableState(Ljava/lang/Runnable;)V+5
j  org.gradle.model.internal.registry.DefaultModelRegistry.transitionTo(Lorg/gradle/model/internal/registry/DefaultModelRegistry$GoalGraph;Lorg/gradle/model/internal/registry/DefaultModelRegistry$ModelGoal;)V+12
j  org.gradle.model.internal.registry.DefaultModelRegistry.transition(Lorg/gradle/model/internal/registry/ModelNodeInternal;Lorg/gradle/model/internal/core/ModelNode$State;Z)V+165
j  org.gradle.model.internal.registry.DefaultModelRegistry.<init>(Lorg/gradle/model/internal/inspect/ModelRuleExtractor;Ljava/lang/String;Lorg/gradle/model/internal/registry/BoringProjectState;)V+97
j  org.gradle.internal.service.scopes.ProjectScopeServices.createModelRegistry(Lorg/gradle/model/internal/inspect/ModelRuleExtractor;)Lorg/gradle/model/internal/registry/ModelRegistry;+20
j  java.lang.invoke.LambdaForm$DMH+0x000001cf10028c00.invokeVirtual(Ljava/lang/Object;Ljava/lang/Object;Ljava/lang/Object;)Ljava/lang/Object;+11 java.base@24.0.1
j  java.lang.invoke.LambdaForm$MH+0x000001cf10132400.invoke(Ljava/lang/Object;Ljava/lang/Object;Ljava/lang/Object;)Ljava/lang/Object;+52 java.base@24.0.1
J 2268 c1 jdk.internal.reflect.DirectMethodHandleAccessor.invoke(Ljava/lang/Object;[Ljava/lang/Object;)Ljava/lang/Object; java.base@24.0.1 (92 bytes) @ 0x000001cf0039c554 [0x000001cf0039a880+0x0000000000001cd4]
J 3637 c1 org.gradle.internal.reflect.JavaMethod.invoke(Ljava/lang/Object;[Ljava/lang/Object;)Ljava/lang/Object; (74 bytes) @ 0x000001cf0061cf7c [0x000001cf0061c8a0+0x00000000000006dc]
J 3636 c1 org.gradle.internal.service.ReflectionBasedServiceMethod.invoke(Ljava/lang/Object;[Ljava/lang/Object;)Ljava/lang/Object; (16 bytes) @ 0x000001cf0061c454 [0x000001cf0061c3c0+0x0000000000000094]
J 3843 c1 org.gradle.internal.service.DefaultServiceRegistry$FactoryMethodService.invokeMethod([Ljava/lang/Object;)Ljava/lang/Object; (147 bytes) @ 0x000001cf006932b4 [0x000001cf00693120+0x0000000000000194]
J 5752 c1 org.gradle.internal.service.DefaultServiceRegistry$FactoryMethodService.createServiceInstance()Ljava/lang/Object; (17 bytes) @ 0x000001cf00836134 [0x000001cf00836040+0x00000000000000f4]
J 2873 c1 org.gradle.internal.service.DefaultServiceRegistry$ManagedObjectServiceProvider.getInstance()Ljava/lang/Object; (47 bytes) @ 0x000001cf004b9aac [0x000001cf004b98e0+0x00000000000001cc]
J 2872 c1 org.gradle.internal.service.DefaultServiceRegistry$SingletonService.get()Ljava/lang/Object; (5 bytes) @ 0x000001cf004b969c [0x000001cf004b95a0+0x00000000000000fc]
J 5753 c1 org.gradle.internal.service.DefaultServiceRegistry.get(Ljava/lang/reflect/Type;)Ljava/lang/Object; (44 bytes) @ 0x000001cf008368c4 [0x000001cf008365a0+0x0000000000000324]
j  org.gradle.api.internal.project.DefaultProject_Decorated.getModelRegistry()Lorg/gradle/model/internal/registry/ModelRegistry;+16
j  org.gradle.api.internal.tasks.DefaultTaskCollection.hasWithName(Ljava/lang/String;)Z+4
j  org.gradle.api.internal.tasks.DefaultTaskContainer.registerTask(Ljava/lang/String;Ljava/lang/Class;Lorg/gradle/api/Action;[Ljava/lang/Object;)Lorg/gradle/api/tasks/TaskProvider;+2
j  org.gradle.api.internal.tasks.DefaultTaskContainer.register(Ljava/lang/String;Ljava/lang/Class;Lorg/gradle/api/Action;)Lorg/gradle/api/tasks/TaskProvider;+14
j  org.gradle.api.plugins.HelpTasksPlugin.apply(Lorg/gradle/api/Project;)V+25
j  org.gradle.api.plugins.HelpTasksPlugin.apply(Ljava/lang/Object;)V+5
j  org.gradle.api.internal.plugins.ImperativeOnlyPluginTarget.applyImperative(Ljava/lang/String;Lorg/gradle/api/Plugin;)V+13
j  org.gradle.api.internal.plugins.RuleBasedPluginTarget.applyImperative(Ljava/lang/String;Lorg/gradle/api/Plugin;)V+6
j  org.gradle.api.internal.plugins.DefaultPluginManager.addPlugin(Ljava/lang/Runnable;Lorg/gradle/api/internal/plugins/PluginImplementation;Ljava/lang/String;Ljava/lang/Class;)V+54
j  org.gradle.api.internal.plugins.DefaultPluginManager.access$100(Lorg/gradle/api/internal/plugins/DefaultPluginManager;Ljava/lang/Runnable;Lorg/gradle/api/internal/plugins/PluginImplementation;Ljava/lang/String;Ljava/lang/Class;)V+6
j  org.gradle.api.internal.plugins.DefaultPluginManager$AddPluginBuildOperation.run(Lorg/gradle/internal/operations/BuildOperationContext;)V+20
j  org.gradle.internal.operations.DefaultBuildOperationRunner$1.execute(Lorg/gradle/internal/operations/RunnableBuildOperation;Lorg/gradle/internal/operations/BuildOperationContext;)V+2
j  org.gradle.internal.operations.DefaultBuildOperationRunner$1.execute(Lorg/gradle/internal/operations/BuildOperation;Lorg/gradle/internal/operations/BuildOperationContext;)V+6
j  org.gradle.internal.operations.DefaultBuildOperationRunner$2.execute(Lorg/gradle/internal/operations/BuildOperationDescriptor;Lorg/gradle/internal/operations/BuildOperationState;Lorg/gradle/internal/operations/BuildOperationState;Lorg/gradle/internal/operations/DefaultBuildOperationRunner$ReadableBuildOperationContext;Lorg/gradle/internal/operations/DefaultBuildOperationRunner$BuildOperationExecutionListener;)Lorg/gradle/internal/operations/BuildOperation;+22
j  org.gradle.internal.operations.DefaultBuildOperationRunner$2.execute(Lorg/gradle/internal/operations/BuildOperationDescriptor;Lorg/gradle/internal/operations/BuildOperationState;Lorg/gradle/internal/operations/BuildOperationState;Lorg/gradle/internal/operations/DefaultBuildOperationRunner$ReadableBuildOperationContext;Lorg/gradle/internal/operations/DefaultBuildOperationRunner$BuildOperationExecutionListener;)Ljava/lang/Object;+8
j  org.gradle.internal.operations.DefaultBuildOperationRunner.execute(Lorg/gradle/internal/operations/BuildOperationDescriptor$Builder;Lorg/gradle/internal/operations/BuildOperationState;Lorg/gradle/internal/operations/DefaultBuildOperationRunner$BuildOperationExecution;)Ljava/lang/Object;+141
j  org.gradle.internal.operations.DefaultBuildOperationRunner.execute(Lorg/gradle/internal/operations/BuildOperation;Lorg/gradle/internal/operations/BuildOperationWorker;Lorg/gradle/internal/operations/BuildOperationState;)V+18
j  org.gradle.internal.operations.DefaultBuildOperationRunner.run(Lorg/gradle/internal/operations/RunnableBuildOperation;)V+9
j  org.gradle.api.internal.plugins.DefaultPluginManager.lambda$doApply$0(Ljava/lang/Runnable;Lorg/gradle/api/internal/plugins/PluginImplementation;Ljava/lang/String;Ljava/lang/Class;Lorg/gradle/internal/code/UserCodeApplicationId;)V+20
j  org.gradle.api.internal.plugins.DefaultPluginManager$$Lambda+0x000001cf106312e0.execute(Ljava/lang/Object;)V+24
j  org.gradle.internal.code.DefaultUserCodeApplicationContext.apply(Lorg/gradle/internal/code/UserCodeSource;Lorg/gradle/api/Action;)V+37
j  org.gradle.api.internal.plugins.DefaultPluginManager.doApply(Lorg/gradle/api/internal/plugins/PluginImplementation;)V+144
j  org.gradle.api.internal.plugins.DefaultPluginManager.apply(Ljava/lang/String;)V+52
j  org.gradle.api.plugins.internal.HelpTasksAutoApplyAction.execute(Lorg/gradle/api/internal/project/ProjectInternal;)V+8
j  org.gradle.api.plugins.internal.HelpTasksAutoApplyAction.execute(Ljava/lang/Object;)V+5
j  org.gradle.configuration.project.PluginsProjectConfigureActions.execute(Lorg/gradle/api/internal/project/ProjectInternal;)V+31
j  org.gradle.configuration.project.PluginsProjectConfigureActions.execute(Ljava/lang/Object;)V+5
j  org.gradle.configuration.project.ConfigureActionsProjectEvaluator.evaluate(Lorg/gradle/api/internal/project/ProjectInternal;Lorg/gradle/api/internal/project/ProjectStateInternal;)V+33
j  org.gradle.configuration.project.LifecycleProjectEvaluator$EvaluateProject.lambda$run$0(Lorg/gradle/internal/operations/BuildOperationContext;Lorg/gradle/api/internal/project/ProjectInternal;)V+67
j  org.gradle.configuration.project.LifecycleProjectEvaluator$EvaluateProject$$Lambda+0x000001cf10616230.accept(Ljava/lang/Object;)V+12
j  org.gradle.api.internal.project.DefaultProjectStateRegistry$ProjectStateImpl.lambda$applyToMutableState$1(Ljava/util/function/Consumer;Lorg/gradle/api/internal/project/ProjectInternal;)Ljava/lang/Object;+2
j  org.gradle.api.internal.project.DefaultProjectStateRegistry$ProjectStateImpl$$Lambda+0x000001cf10616478.apply(Ljava/lang/Object;)Ljava/lang/Object;+8
j  org.gradle.api.internal.project.DefaultProjectStateRegistry$ProjectStateImpl.lambda$fromMutableState$2(Ljava/util/function/Function;)Ljava/lang/Object;+5
j  org.gradle.api.internal.project.DefaultProjectStateRegistry$ProjectStateImpl$$Lambda+0x000001cf106166d0.create()Ljava/lang/Object;+8
j  org.gradle.internal.work.DefaultWorkerLeaseService.withReplacedLocks(Ljava/util/Collection;Lorg/gradle/internal/resources/ResourceLock;Lorg/gradle/internal/Factory;)Ljava/lang/Object;+40
j  org.gradle.api.internal.project.DefaultProjectStateRegistry$ProjectStateImpl.fromMutableState(Ljava/util/function/Function;)Ljava/lang/Object;+133
j  org.gradle.api.internal.project.DefaultProjectStateRegistry$ProjectStateImpl.applyToMutableState(Ljava/util/function/Consumer;)V+7
j  org.gradle.configuration.project.LifecycleProjectEvaluator$EvaluateProject.run(Lorg/gradle/internal/operations/BuildOperationContext;)V+16
+2
+6
+22
+8
+141
+18
+9
+42
+20
+4
+4
+1
+4
+24
+9
+16
+16
+6
+13

87 | 0e00 0000 | 4183 bf50 | 0400 0000 | 0f84 2b00 | 0000 c5f8 | 7748 8945 
  0x000001cf07b0f02c: f849 8bcf | 4c8b e448 | 83ec 2048 

  0x000001cf07b0f038: ;   {runtime_call}
  0x000001cf07b0f038: 83e4 f048 | b8d0 b950 | cffc 7f00 | 00ff d049 | 8be4 4d33 | e448 8b45 | f841 c787 | 5404 0000 
  0x000001cf07b0f058: 0800 0000 | 4183 bfd0 | 0400 0002 | 0f84 7a02 | 0000 49c7 | 87a8 0300 | 0000 0000 | 0049 c787 
  0x000001cf07b0f078: b003 0000 | 0000 0000 | c5f8 7748 | 85c0 0f84 | 3502 0000 | a803 0f85 | 0800 0000 | 488b 00e9 
  0x000001cf07b0f098: 2502 0000 | a801 0f85 | 0900 0000 | 488b 40fe | e914 0200 | 0048 8b40 | ff41 807f | 4800 0f84 
  0x000001cf07b0f0b8: 0502 0000 | 4883 f800 | 0f84 fb01 | 0000 498b | 4f38 4885 | c90f 8414 | 0000 0048 | 83e9 0849 
  0x000001cf07b0f0d8: 894f 3849 | 034f 4048 | 8901 e9da | 0100 0048 | 81ec f000 | 0000 4889 | 0424 4889 | 4c24 0848 
  0x000001cf07b0f0f8: 8954 2410 | 4c89 4424 | 184c 894c | 2420 4c89 | 5424 284c | 895c 2430 | c5fb 1144 | 2440 c5fb 
  0x000001cf07b0f118: 114c 2448 | c5fb 1154 | 2450 c5fb | 115c 2458 | c5fb 1164 | 2460 c5fb | 116c 2468 | 62e1 ff08 
  0x000001cf07b0f138: ;   {no_reloc}
  0x000001cf07b0f138: 1144 240e | 62e1 ff08 | 114c 240f | 62e1 ff08 | 1154 2410 | 62e1 ff08 | 115c 2411 | 62e1 ff08 
  0x000001cf07b0f158: 1164 2412 | 62e1 ff08 | 116c 2413 | 62e1 ff08 | 1174 2414 | 62e1 ff08 | 117c 2415 | 6261 ff08 
  0x000001cf07b0f178: 1144 2416 | 6261 ff08 | 114c 2417 | 6261 ff08 | 1154 2418 | 6261 ff08 | 115c 2419 | 6261 ff08 
  0x000001cf07b0f198: 1164 241a | 6261 ff08 | 116c 241b | 6261 ff08 | 1174 241c | 6261 ff08 | 117c 241d | 498b d748 
  0x000001cf07b0f1b8: 8bc8 4883 | ec20 40f6 | c40f 0f84 | 1900 0000 | 4883 ec08 

  0x000001cf07b0f1cc: ;   {runtime_call}
  0x000001cf07b0f1cc: 48b8 9049 | 43cf fc7f | 0000 ffd0 | 4883 c408 | e90c 0000 

  0x000001cf07b0f1e0: ;   {runtime_call}
  0x000001cf07b0f1e0: 0048 b890 | 4943 cffc | 7f00 00ff | d048 83c4 | 2062 61ff | 0810 7c24 | 1d62 61ff | 0810 7424 
  0x000001cf07b0f200: 1c62 61ff | 0810 6c24 | 1b62 61ff | 0810 6424 | 1a62 61ff | 0810 5c24 | 1962 61ff | 0810 5424 
  0x000001cf07b0f220: 1862 61ff | 0810 4c24 | 1762 61ff | 0810 4424 | 1662 e1ff | 0810 7c24 | 1562 e1ff | 0810 7424 
  0x000001cf07b0f240: 1462 e1ff | 0810 6c24 | 1362 e1ff | 0810 6424 | 1262 e1ff | 0810 5c24 | 1162 e1ff | 0810 5424 
  0x000001cf07b0f260: 1062 e1ff | 0810 4c24 | 0f62 e1ff | 0810 4424 | 0ec5 fb10 | 6c24 68c5 | fb10 6424 | 60c5 fb10 
  0x000001cf07b0f280: 5c24 58c5 | fb10 5424 | 50c5 fb10 | 4c24 48c5 | fb10 4424 | 404c 8b5c | 2430 4c8b | 5424 284c 
  0x000001cf07b0f2a0: 8b4c 2420 | 4c8b 4424 | 1848 8b54 | 2410 488b | 4c24 0848 | 8b04 2448 | 81c4 f000 | 0000 c5f8 
  0x000001cf07b0f2c0: 7749 8b8f | 3804 0000 | c781 0001 | 0000 0000 | 0000 c949 | 837f 0800 | 0f85 0100 

  0x000001cf07b0f2dc: ;   {runtime_call StubRoutines (initial stubs)}
  0x000001cf07b0f2dc: 0000 c3e9 | dc1b a2ff | c5f8 7748 | 8945 f84c | 8be4 4883 | ec20 4883 

  0x000001cf07b0f2f4: ;   {runtime_call}
  0x000001cf07b0f2f4: e4f0 48b8 | d056 88cf | fc7f 0000 | ffd0 498b | e44d 33e4 | 488b 45f8 | e959 fdff | fff4 f4f4 
  0x000001cf07b0f314: f4f4 f4f4 
[/MachCode]


Compiled method (c2) 33008 4735       4       java.security.SecureClassLoader::defineClass (16 bytes)
 total in heap  [0x000001cf07d0f988,0x000001cf07d12288] = 10496
 relocation     [0x000001cf07d0fa60,0x000001cf07d0fcb8] = 600
 main code      [0x000001cf07d0fcc0,0x000001cf07d11f70] = 8880
 stub code      [0x000001cf07d11f70,0x000001cf07d12038] = 200
 oops           [0x000001cf07d12038,0x000001cf07d12058] = 32
 metadata       [0x000001cf07d12058,0x000001cf07d12288] = 560
 immutable data [0x000001cf243cf940,0x000001cf243d0df0] = 5296
 dependencies   [0x000001cf243cf940,0x000001cf243cf9d0] = 144
 nul chk table  [0x000001cf243cf9d0,0x000001cf243cfa48] = 120
 handler table  [0x000001cf243cfa48,0x000001cf243cfc58] = 528
 scopes pcs     [0x000001cf243cfc58,0x000001cf243d0188] = 1328
 scopes data    [0x000001cf243d0188,0x000001cf243d0df0] = 3176

[Constant Pool (empty)]

[MachCode]
[Instructions begin]
  0x000001cf07d0fcc0: 6690 448b | 5208 443b 

  0x000001cf07d0fcc8: ;   {runtime_call Shared Runtime ic_miss_blob}
  0x000001cf07d0fcc8: 5008 0f85 | 90ec 86ff 
[Verified Entry Point]
  0x000001cf07d0fcd0: 8984 2400 | 80ff ff55 | 4881 ecb0 | 0000 0090 | 4181 7f20 | 0500 0000 | 0f85 7122 | 0000 8974 
  0x000001cf07d0fcf0: 2444 897c | 2440 4c89 | 4c24 384c | 8944 2430 | 4889 5424 | 2848 8be9 | 4885 c90f | 84bf 1700 
  0x000001cf07d0fd10: 004d 8b87 | c801 0000 | 4d8b d049 | 83c2 104d | 3b97 d801 | 0000 0f83 | 5112 0000 | 4d89 97c8 
  0x000001cf07d0fd30: 0100 0041 | 0f0d 8ac0 | 0000 0049 | c700 0100 

  0x000001cf07d0fd40: ;   {metadata('java/security/SecureClassLoader$CodeSourceKey')}
  0x000001cf07d0fd40: 0000 41c7 | 4008 b8a5 | 2300 4c8b | dd45 8958 | 0c4d 8b8f | c801 0000 | 4c8b 5424 | 2841 8b6a 
  0x000001cf07d0fd60: 504d 8bd1 | 4983 c210 | 4d3b 97d8 | 0100 000f | 83da 1100 | 004d 8997 | c801 0000 | 410f 0d8a 
  0x000001cf07d0fd80: c000 0000 | 49c7 0101 

  0x000001cf07d0fd88: ;   {metadata('java/security/SecureClassLoader$1')}
  0x000001cf07d0fd88: 0000 0041 | c741 08d8 | a923 004c | 8b54 2428 | 4d8b da45 | 8959 0c44 

  0x000001cf07d0fda0: ;   {metadata('java/util/concurrent/ConcurrentHashMap')}
  0x000001cf07d0fda0: 8b5d 0841 | 81fb f076 | 1b00 0f85 | 6015 0000 | 488b d590 

  0x000001cf07d0fdb4: ;   {optimized virtual_call}
  0x000001cf07d0fdb4: c5f8 77e8 

  0x000001cf07d0fdb8: ; ImmutableOopMap {[40]=Oop [48]=Oop [56]=Oop }
                      ;*invokeinterface computeIfAbsent {reexecute=0 rethrow=0 return_oop=1}
                      ; - java.security.SecureClassLoader::getProtectionDomain@28 (line 204)
                      ; - java.security.SecureClassLoader::defineClass@9 (line 132)
  0x000001cf07d0fdb8: 24ea 33f8 

  0x000001cf07d0fdbc: ;   {post_call_nop}
  0x000001cf07d0fdbc: 0f1f 8400 | 3404 0000 

  0x000001cf07d0fdc4: ; implicit exception: dispatches to 0x000001cf07d118f4
  0x000001cf07d0fdc4: 448b 5008 

  0x000001cf07d0fdc8: ;   {metadata('java/security/ProtectionDomain')}
  0x000001cf07d0fdc8: 4181 fa28 | d21a 000f | 85ab 1a00 | 0048 8984 | 2488 0000 | 004c 8b54 | 2430 458b | 5214 458b 
  0x000001cf07d0fde8: 5a0c 4585 | db0f 8669 | 1500 004c | 8b44 2430 | 410f be70 | 1085 f60f | 856b 1600 | 004d 8bc2 
  0x000001cf07d0fe08: c4c1 f96e | c04d 8d4a | 10b8 2f00 | 0000 498b | f941 8bd3 | 488b df83 | fa10 0f8c | 7900 0000 
  0x000001cf07d0fe28: 83fa 200f | 8c36 0000 | 00c5 f96e | c8c4 e27d | 78c9 c5ed | efd2 8bca | 83e1 e083 | e21f c5fe 
  0x000001cf07d0fe48: 6f1b c5e5 | 74d9 c4e2 | 7d17 d30f | 8369 0000 | 0048 83c3 | 2083 e920 | 75e4 e90d | 0000 00c5 
  0x000001cf07d0fe68: f96e c8c5 | e9ef d2c4 | e271 00ca | 83fa 100f | 8c24 0000 | 008b ca83 | e1f0 83e2 | 0fc5 fa6f 
  0x000001cf07d0fe88: 1bc5 e174 | d9c4 e279 | 17d3 0f83 | 2a00 0000 | 4883 c310 | 83e9 1075 | e485 d20f | 8412 0000 
  0x000001cf07d0fea8: 000f b60b | 3bc1 741c | 4883 c301 | 83ea 0174 | 02eb eebb | ffff ffff | eb0d c5fd 

  0x000001cf07d0fec4: ;   {no_reloc}
  0x000001cf07d0fec4: d7cb 0fbc | c148 03d8 | 482b df83 | fbff 0f85 | b815 0000 | 410f b629 | 83fd 5b0f | 841f 1600 
  0x000001cf07d0fee4: 00c4 c24a | f7cb 8d59 | fb85 db7c | 0e45 0fbe | 0141 83f8 | 6a0f 8479 | 0d00 0048 | 8b5c 2428 
  0x000001cf07d0ff04: 4c8b 8424 | 8800 0000 | 458b 7010 | 448d 41ff | 418d 53ff | 443b c244 | 0f4f c245 | 85c0 0f8c 
  0x000001cf07d0ff24: d400 0000 | 453b c30f | 83b7 1300 | 0041 8d78 | ff43 0fbe | 5402 1083 | fa2e 0f84 | cf00 0000 
  0x000001cf07d0ff44: 41ff c844 | 3bc7 7fe9 | 4183 f802 | 0f8e 8900 | 0000 418d | 50fe 33ff | 4183 f802 | 0f4c d781 
  0x000001cf07d0ff64: faa0 0f00 | 00be a00f | 0000 0f47 | d641 8bf8 | 2bfa 6666 | 0f1f 8400 | 0000 0000 | 4963 c041 
  0x000001cf07d0ff84: 0fbe 7402 | 1083 fe2e | 0f84 8100 | 0000 410f | be54 020f | 83fa 2e74 | 6741 0fbe | 7402 0e83 
  0x000001cf07d0ffa4: fe2e 7461 | 410f be74 | 020d 83fe | 2e74 5c41 | 83c0 fc44 | 3bc7 7fc4 | 498b 6f30 | 488b 7c24 
  0x000001cf07d0ffc4: ;   {no_reloc}
  0x000001cf07d0ffc4: 2848 8b54 | 2430 488b | b424 8800 

  0x000001cf07d0ffd0: ; ImmutableOopMap {r10=NarrowOop rbx=Oop rdi=Oop rdx=Oop rsi=Oop r14=NarrowOop xmm0=Oop r9=Derived_oop_xmm0 [40]=Oop [48]=Oop [56]=Oop [136]=Oop }
                      ;*goto {reexecute=1 rethrow=0 return_oop=0}
                      ; - (reexecute) java.lang.StringLatin1::lastIndexOf@35 (line 395)
                      ; - java.lang.String::lastIndexOf@13 (line 2651)
                      ; - java.lang.String::lastIndexOf@8 (line 2613)
                      ; - java.lang.ClassLoader::checkCerts@3 (line 1097)
                      ; - java.lang.ClassLoader::preDefineClass@113 (line 854)
                      ; - java.lang.ClassLoader::defineClass@4 (line 960)
                      ; - java.security.SecureClassLoader::defineClass@12 (line 132)
                      ;   {poll}
  0x000001cf07d0ffd0: 0000 8545 | 0041 83f8 | 020f 8f77 | ffff ff41 | 83f8 ff7e | 1766 6690 | 430f be54 | 0210 83fa 
  0x000001cf07d0fff0: 2e74 2041 | ffc8 4183 | f8ff 7fec | 41b8 ffff | ffff eb0f | 41ff c8eb | 0a41 83c0 | feeb 0441 
  0x000001cf07d10010: 83c0 fd41 | 83f8 ff0f | 8421 0d00 | 008d 7901 | 443b c70f | 8373 1500 | 0044 3bc1 | 0f84 010c 
  0x000001cf07d10030: 0000 4585 | c00f 84dd | 0e00 0049 | 8bb7 c801 | 0000 488b | ce48 83c1 | 1849 3b8f | d801 0000 
  0x000001cf07d10050: 0f83 590f | 0000 4989 | 8fc8 0100 | 000f 0d89 | c000 0000 | 48c7 0601 | 0000 0048 | 8bce 4883 
  0x000001cf07d10070: ;   {metadata('java/lang/String')}
  0x000001cf07d10070: c110 c746 | 0838 a616 | 0044 8966 | 0cc5 f5ef | c9c5 f9d6 | 0945 3bc3 | 0f85 9800 | 0000 4d63 
  0x000001cf07d10090: c341 81fb | 0000 1000 | 0f87 2b11 | 0000 4d8b | afc8 0100 | 0049 8d48 | 1748 83e1 | f849 8bfd 
  0x000001cf07d100b0: 4803 f949 | 3bbf d801 | 0000 0f83 | 0911 0000 | 4989 bfc8 | 0100 000f | 0d8f c000 | 0000 49c7 
  0x000001cf07d100d0: 4500 0100 | 0000 0f0d | 8f00 0100 

  0x000001cf07d100dc: ;   {metadata({type array byte})}
  0x000001cf07d100dc: 0041 c745 | 0808 7616 | 0045 895d | 0c0f 0d8f | 4001 0000 | 0f0d 8f80 | 0100 0049 | 8bd5 4883 
  0x000001cf07d100fc: c210 4983 | c007 49c1 | e803 498b | c9c5 f877 | 49ba 0033 | 5607 cf01 | 0000 41ff 

  0x000001cf07d10118: ;   {post_call_nop}
  0x000001cf07d10118: d20f 1f84 | 0000 0000 | 00e9 d400 | 0000 453b | d841 8beb | 410f 4fe8 | 443b dd0f | 82b2 1200 
  0x000001cf07d10138: 0044 3bc5 | 0f82 a912 | 0000 458b | d04d 63d2 | 4983 c217 | 498b fa48 | 83e7 f841 | 81f8 0000 
  0x000001cf07d10158: 1000 0f87 | 040f 0000 | 4d8b afc8 | 0100 004d | 8bdd 4c03 | df4d 3b9f | d801 0000 | 0f83 ea0e 
  0x000001cf07d10178: 0000 4d89 | 9fc8 0100 | 0041 0f0d | 8bc0 0000 | 0049 c745 | 0001 0000 | 0041 0f0d | 8b00 0100 
  0x000001cf07d10198: ;   {metadata({type array byte})}
  0x000001cf07d10198: 0041 c745 | 0808 7616 | 0045 8945 | 0c41 0f0d | 8b40 0100 | 0041 0f0d | 8b80 0100 | 004d 8bdd 
  0x000001cf07d101b8: 4983 c310 | 49c1 ea03 | 85ed 0f84 | b011 0000 | 413b e80f | 8c91 0b00 | 0048 83c7 | f048 c1ef 
  0x000001cf07d101d8: 0349 8bc9 | 498b d34c | 8bc7 c5f8 | 7749 ba00 | 3356 07cf | 0100 0041 

  0x000001cf07d101f0: ;   {post_call_nop}
  0x000001cf07d101f0: ffd2 0f1f | 8400 0000 | 0000 4488 | 6610 4c8d | 5614 4180 | 7f48 000f | 8563 1900 | 004d 8bdd 
  0x000001cf07d10210: 4589 1a4d | 8bc2 4d33 | c549 c1e8 | 140f 841e | 0000 004d | 8bc2 49c1 | e809 49bb | 0000 b773 
  0x000001cf07d10230: cf01 0000 | 4d03 c341 | 8038 020f | 8593 1900 | 0041 8b6e | 1485 ed0f | 85cf 1200 | 0041 8b6e 
  0x000001cf07d10250: 1085 ed0f | 85f3 1200 | 0044 8b5b | 2c45 85db | 0f84 3910 | 0000 4889 | 5c24 2049 

  0x000001cf07d1026c: ;   {oop(a 'java/security/cert/Certificate'[0] {0x00000000e060d1d8})}
  0x000001cf07d1026c: 8bd3 49b9 | d8d1 60e0 | 0000 0000 | bf01 0000 | 004c 8bc6 

  0x000001cf07d10280: ;   {optimized virtual_call}
  0x000001cf07d10280: c5f8 77e8 

  0x000001cf07d10284: ; ImmutableOopMap {[32]=Oop [40]=Oop [48]=Oop [56]=Oop [136]=Oop }
                      ;*invokevirtual putVal {reexecute=0 rethrow=0 return_oop=1}
                      ; - java.util.concurrent.ConcurrentHashMap::putIfAbsent@4 (line 1555)
                      ; - java.lang.ClassLoader::checkCerts@62 (line 1105)
                      ; - java.lang.ClassLoader::preDefineClass@113 (line 854)
                      ; - java.lang.ClassLoader::defineClass@4 (line 960)
                      ; - java.security.SecureClassLoader::defineClass@12 (line 132)
  0x000001cf07d10284: 2822 0500 

  0x000001cf07d10288: ;   {post_call_nop}
  0x000001cf07d10288: 0f1f 8400 | 0009 0002 | 4885 c074 | 1c44 8b58 

  0x000001cf07d10298: ;   {metadata('java/security/cert/Certificate'[])}
  0x000001cf07d10298: 0841 81fb | e032 2300 | 0f85 0e16 | 0000 8b68 | 0c85 ed0f | 87cb 1200 | 004c 8b94 | 2488 0000 
  0x000001cf07d102b8: 0045 8b52 | 1041 8b6a | 0c44 8b55 | 3845 85d2 | 0f84 ea0f | 0000 498b | d24c 8bc5 

  0x000001cf07d102d4: ;   {optimized virtual_call}
  0x000001cf07d102d4: c5f8 77e8 

  0x000001cf07d102d8: ; ImmutableOopMap {[40]=Oop [48]=Oop [56]=Oop [136]=Oop }
                      ;*invokevirtual toExternalForm {reexecute=0 rethrow=0 return_oop=1}
                      ; - java.net.URL::toExternalForm@5 (line 1151)
                      ; - java.net.URL::toString@1 (line 1137)
                      ; - java.lang.ClassLoader::defineClassSourceLocation@22 (line 864)
                      ; - java.lang.ClassLoader::defineClass@12 (line 961)
                      ; - java.security.SecureClassLoader::defineClass@12 (line 132)
  0x000001cf07d102d8: 9472 f7ff 

  0x000001cf07d102dc: ;   {post_call_nop}
  0x000001cf07d102dc: 0f1f 8400 | 5409 0003 | 488b 5424 | 284c 8b44 | 2430 4c8b | 4c24 388b | 7c24 408b | 7424 4448 
  0x000001cf07d102fc: 8b8c 2488 | 0000 0048 | 8904 2490 

  0x000001cf07d10308: ;   {static_call}
  0x000001cf07d10308: c5f8 77e8 

  0x000001cf07d1030c: ; ImmutableOopMap {[40]=Oop [136]=Oop }
                      ;*invokestatic defineClass1 {reexecute=0 rethrow=0 return_oop=1}
                      ; - java.lang.ClassLoader::defineClass@27 (line 962)
                      ; - java.security.SecureClassLoader::defineClass@12 (line 132)
  0x000001cf07d1030c: 00ec dfff 

  0x000001cf07d10310: ;   {post_call_nop}
  0x000001cf07d10310: 0f1f 8400 | 8809 0004 | 4889 4424 | 3044 8b50 | 4045 85d2 | 7405 e9f8 | 0300 004c | 8b50 1045 
  0x000001cf07d10330: 8b5a 0845 | 85db 0f8c | 1811 0000 | 448b 502c | 4585 d20f | 84f4 0800 | 0049 8bc2 | 448b 4814 
  0x000001cf07d10350: ; implicit exception: dispatches to 0x000001cf07d11980
  0x000001cf07d10350: 418b 490c | 440f be58 | 10c4 6222 | f7c1 458d | 50ff 4585 | db0f 85c9 | 1300 004d | 8bd9 4c89 
  0x000001cf07d10370: 9c24 8000 | 0000 448d | 59ff 453b | da45 0f4f | da45 85db | 0f8c c309 | 0000 85c9 | 0f86 9e10 
  0x000001cf07d10390: 0000 443b | d90f 8395 | 1000 0041 

  0x000001cf07d1039c: ;   {oop(""{0x00000000ffe027b8})}
  0x000001cf07d1039c: 8d5b ff48 | bab8 27e0 | ff00 0000 | 0043 0fbe | 7c19 1083 | ff2e 0f84 | bd00 0000 | 41ff cb44 
  0x000001cf07d103bc: 3bdb 7fe9 | 4183 fb02 | 0f8e 7500 | 0000 418d | 5bfe 4533 | d241 83fb | 0241 0f4c | da81 fba0 
  0x000001cf07d103dc: 0f00 00bf | a00f 0000 | 0f47 df41 | 8bfb 2bfb | 0f1f 4000 | 4963 db45 | 0fbe 5419 | 1041 83fa 
  0x000001cf07d103fc: 2e74 7645 | 0fbe 5419 | 0f41 83fa | 2e74 5b45 | 0fbe 5419 | 0e41 83fa | 2e74 5445 | 0fbe 5419 
  0x000001cf07d1041c: 0d41 83fa | 2e74 4e41 | 83c3 fc44 | 3bdf 7fc4 | 4d8b 6f30 | 4c8b 5424 

  0x000001cf07d10434: ; ImmutableOopMap {r10=Oop r9=NarrowOop rdx=Oop rax=Oop [40]=Oop [48]=Oop [128]=Oop [136]=Oop }
                      ;*goto {reexecute=1 rethrow=0 return_oop=0}
                      ; - (reexecute) java.lang.StringLatin1::lastIndexOf@35 (line 395)
                      ; - java.lang.String::lastIndexOf@13 (line 2651)
                      ; - java.lang.String::lastIndexOf@8 (line 2613)
                      ; - java.lang.Class::getPackageName@47 (line 1146)
                      ; - java.lang.ClassLoader::postDefineClass@2 (line 871)
                      ; - java.lang.ClassLoader::defineClass@37 (line 963)
                      ; - java.security.SecureClassLoader::defineClass@12 (line 132)
                      ;   {poll}
  0x000001cf07d10434: 3041 8545 | 0041 83fb | 027f 8b41 | 83fb ff0f | 8e0e 0900 | 0066 6690 | 470f be54 | 1910 4183 
  0x000001cf07d10454: fa2e 741d | 41ff cb41 | 83fb ff7f | ebe9 f108 | 0000 41ff | cbeb 0a41 | 83c3 feeb | 0441 83c3 
  0x000001cf07d10474: fd41 83fb | ff0f 84b6 | 0900 0041 | 8d58 0144 | 3bdb 0f83 | dc12 0000 | 453b d80f | 8440 0800 
  0x000001cf07d10494: 0045 85db | 0f84 020b | 0000 498b | 9fc8 0100 | 004c 8bd3 | 4983 c218 | 4d3b 97d8 | 0100 000f 
  0x000001cf07d104b4: 8350 0c00 | 004d 8997 | c801 0000 | 4c8b c349 | 83c0 1048 | c703 0100 | 0000 410f | 0d8a c000 
  0x000001cf07d104d4: ;   {metadata('java/lang/String')}
  0x000001cf07d104d4: 0000 c743 | 0838 a616 | 0044 8963 | 0cc5 fdef | c0c4 c179 | d600 4d8d | 5110 443b | d90f 859e 
  0x000001cf07d104f4: 0000 0048 | 63f1 81f9 | 0000 1000 | 0f87 520d | 0000 498b | bfc8 0100 | 004c 8d5e | 1749 83e3 
  0x000001cf07d10514: f84c 8bc7 | 4d03 c34d | 3b87 d801 | 0000 0f83 | 300d 0000 | 4d89 87c8 | 0100 0041 | 0f0d 88c0 
  0x000001cf07d10534: 0000 0048 | c707 0100 | 0000 410f | 0d88 0001 

  0x000001cf07d10544: ;   {metadata({type array byte})}
  0x000001cf07d10544: 0000 c747 | 0808 7616 | 0089 4f0c | 410f 0d88 | 4001 0000 | 410f 0d88 | 8001 0000 | 488b d748 
  0x000001cf07d10564: 83c2 1048 | 83c6 0748 | c1ee 0349 | 8bca 4c8b | c6c5 f877 | 49ba 0033 | 5607 cf01 | 0000 41ff 
  0x000001cf07d10584: ;   {post_call_nop}
  0x000001cf07d10584: d20f 1f84 | 0000 0000 | 0048 8bf7 | e9cd 0000 | 0041 3bcb | 8be9 410f | 4feb 3bcd | 0f82 9910 
  0x000001cf07d105a4: 0000 443b | dd0f 8290 | 1000 0045 | 8bcb 4d63 | c949 83c1 | 1749 8bf9 | 4883 e7f8 | 4181 fb00 
  0x000001cf07d105c4: 0010 000f | 8785 0b00 | 0049 8bb7 | c801 0000 | 4c8b c64c | 03c7 4d3b | 87d8 0100 | 000f 836b 
  0x000001cf07d105e4: 0b00 004d | 8987 c801 | 0000 410f | 0d88 c000 | 0000 48c7 | 0601 0000 | 0041 0f0d | 8800 0100 
  0x000001cf07d10604: ;   {metadata({type array byte})}
  0x000001cf07d10604: 00c7 4608 | 0876 1600 | 4489 5e0c | 410f 0d88 | 4001 0000 | 410f 0d88 | 8001 0000 | 488b d648 
  0x000001cf07d10624: 83c2 1049 | c1e9 0385 | ed0f 8499 | 0f00 0041 | 3beb 0f8c | 0c08 0000 | 4883 c7f0 | 48c1 ef03 
  0x000001cf07d10644: 498b ca4c | 8bc7 c5f8 | 7749 ba00 | 3356 07cf | 0100 0041 

  0x000001cf07d10658: ;   {post_call_nop}
  0x000001cf07d10658: ffd2 0f1f | 8400 0000 | 0000 4488 | 6310 4c8d | 5314 4180 | 7f48 000f | 85c0 1500 | 004c 8bde 
  0x000001cf07d10678: 4589 1a4d | 8bc2 4c33 | c649 c1e8 | 140f 841e | 0000 004d | 8bc2 49c1 | e809 49bb | 0000 b773 
  0x000001cf07d10698: cf01 0000 | 4d03 c341 | 8038 020f | 85f0 1500 | 0048 8bd3 | 4c8b 5424 | 304c 8954 | 2420 6690 
  0x000001cf07d106b8: ;   {optimized virtual_call}
  0x000001cf07d106b8: c5f8 77e8 

  0x000001cf07d106bc: ; ImmutableOopMap {[32]=Oop [40]=Oop [48]=Oop [136]=Oop }
                      ;*invokevirtual intern {reexecute=0 rethrow=0 return_oop=1}
                      ; - java.lang.Class::getPackageName@65 (line 1147)
                      ; - java.lang.ClassLoader::postDefineClass@2 (line 871)
                      ; - java.lang.ClassLoader::defineClass@37 (line 963)
                      ; - java.security.SecureClassLoader::defineClass@12 (line 132)
  0x000001cf07d106bc: 50a9 dcff 

  0x000001cf07d106c0: ;   {post_call_nop}
  0x000001cf07d106c0: 0f1f 8400 | 380d 0006 | 488b d04c | 8bd0 488b | 4c24 304c | 8d41 4041 | 807f 4800 | 0f85 0e16 
  0x000001cf07d106e0: 0000 4589 | 1045 8bca | 4d8b d84d | 33d9 49c1 | eb14 0f84 | 2800 0000 | 4983 f900 | 0f84 1e00 
  0x000001cf07d10700: 0000 4d8b | d849 c1eb | 0949 b900 | 00b7 73cf | 0100 004d | 03d9 4180 | 3b02 0f85 | 3e16 0000 
  0x000001cf07d10720: 4c8b d24c | 8b5c 2428 | 458b 5b38 | 4489 5c24 | 5445 85db | 0f84 960b | 0000 4c89 | 5424 5845 
  0x000001cf07d10740: 8b5a 0c4c | 8b54 2430 | 458b 4230 | 4489 4424 | 5045 85db | 0f84 8305 | 0000 448b | 5424 5445 
  0x000001cf07d10760: 8b4a 2845 | 85c9 0f84 | 1401 0000 | 458b 410c | 4585 c00f | 8637 0d00 | 0045 8bd3 | 41c1 ea10 
  0x000001cf07d10780: 4533 d341 | ffc8 4181 | e2ff ffff | 7f45 23c2 | 478b 4481 | 1045 85c0 | 0f84 e200 | 0000 418b 
  0x000001cf07d107a0: 680c 413b | ea0f 84a5 | 0200 0085 | ed0f 8c05 | 1000 004d | 8bd8 458b | 5b18 4585 

  0x000001cf07d107bc: ;   {no_reloc}
  0x000001cf07d107bc: db0f 84bd | 0000 0049 | 8bcb 448b | 490c 4d8b 

  0x000001cf07d107cc: ; ImmutableOopMap {rcx=Oop [40]=Oop [48]=Oop [80]=NarrowOop [88]=Oop [136]=Oop }
                      ;*if_icmpne {reexecute=1 rethrow=0 return_oop=0}
                      ; - (reexecute) java.util.concurrent.ConcurrentHashMap::get@127 (line 958)
                      ; - java.lang.ClassLoader::getNamedPackage@5 (line 332)
                      ; - java.lang.ClassLoader::postDefineClass@9 (line 871)
                      ; - java.lang.ClassLoader::defineClass@37 (line 963)
                      ; - java.security.SecureClassLoader::defineClass@12 (line 132)
                      ;   {poll}
  0x000001cf07d107cc: 4730 4185 | 0045 3bca | 7412 448b | 4118 4585 | c00f 849d | 0000 0049 | 8bc8 ebde | 8b69 104c 
  0x000001cf07d107ec: 8bdd 4c8b | 4424 584d | 3bd8 747d | 85ed 0f84 | fc0f 0000 | 4889 4c24 | 6044 8954 | 244c 448b 
  0x000001cf07d1080c: 5c24 5044 | 895c 2448 | 4c8b 5424 | 304c 8954 | 2438 4c8b | 5424 284c | 8954 2420 | 4c8b c548 
  0x000001cf07d1082c: 8b54 2458 | 488b 6c24 | 3866 6690 

  0x000001cf07d10838: ;   {optimized virtual_call}
  0x000001cf07d10838: c5f8 77e8 

  0x000001cf07d1083c: ; ImmutableOopMap {rbp=Oop [32]=Oop [72]=NarrowOop [88]=Oop [96]=Oop [136]=Oop }
                      ;*invokevirtual equals {reexecute=0 rethrow=0 return_oop=0}
                      ; - java.util.concurrent.ConcurrentHashMap::get@149 (line 959)
                      ; - java.lang.ClassLoader::getNamedPackage@5 (line 332)
                      ; - java.lang.ClassLoader::postDefineClass@9 (line 871)
                      ; - java.lang.ClassLoader::defineClass@37 (line 963)
                      ; - java.security.SecureClassLoader::defineClass@12 (line 132)
  0x000001cf07d1083c: 501d f6ff 

  0x000001cf07d10840: ;   {post_call_nop}
  0x000001cf07d10840: 0f1f 8400 | b80e 0008 

  0x000001cf07d10848: ; ImmutableOopMap {rbp=Oop [32]=Oop [72]=NarrowOop [88]=Oop [96]=Oop [136]=Oop }
                      ;*ifeq {reexecute=1 rethrow=0 return_oop=0}
                      ; - (reexecute) java.util.concurrent.ConcurrentHashMap::get@152 (line 959)
                      ; - java.lang.ClassLoader::getNamedPackage@5 (line 332)
                      ; - java.lang.ClassLoader::postDefineClass@9 (line 871)
                      ; - java.lang.ClassLoader::defineClass@37 (line 963)
                      ; - java.security.SecureClassLoader::defineClass@12 (line 132)
  0x000001cf07d10848: 4d8b 5730 

  0x000001cf07d1084c: ;   {poll}
  0x000001cf07d1084c: 4185 0285 | c00f 84d0 | 0600 004c | 8b54 2420 | 4c89 5424 | 2848 896c | 2430 448b | 5424 4844 
  0x000001cf07d1086c: 8954 2450 | 488b 4c24 | 608b 6914 | 85ed 0f85 | 4c03 0000 | 498b 87c8 | 0100 004c | 8bd0 4983 
  0x000001cf07d1088c: c218 4d3b | 97d8 0100 | 000f 830e | 0900 004d | 8997 c801 | 0000 4c8b | d849 83c3 | 1048 c700 
  0x000001cf07d108ac: 0100 0000 | 410f 0d8a | c000 0000 

  0x000001cf07d108b8: ;   {metadata('java/lang/NamedPackage')}
  0x000001cf07d108b8: c740 0818 | 2623 0044 | 8960 0cc5 | fdef c0c4 | c179 d603 | 4889 4424 | 2048 8b54 | 2458 6690 
  0x000001cf07d108d8: ;   {optimized virtual_call}
  0x000001cf07d108d8: c5f8 77e8 

  0x000001cf07d108dc: ; ImmutableOopMap {[32]=Oop [40]=Oop [48]=Oop [80]=NarrowOop [88]=Oop [136]=Oop }
                      ;*invokevirtual isEmpty {reexecute=0 rethrow=0 return_oop=0}
                      ; - java.lang.NamedPackage::<init>@5 (line 48)
                      ; - java.lang.ClassLoader::getNamedPackage@22 (line 334)
                      ; - java.lang.ClassLoader::postDefineClass@9 (line 871)
                      ; - java.lang.ClassLoader::defineClass@37 (line 963)
                      ; - java.security.SecureClassLoader::defineClass@12 (line 132)
 : 300c  
  0x000001cf07d07024: 4183 ca01 | eb0a 49ff | 8a86 0000 | 0045 33d2 | 0f84 6401 | 0000 498b | cb48 8d94 | 2428 0100 
  0x000001cf07d07044: 004d 8bc7 | c5f8 7749 | ba30 0d88 | cffc 7f00 | 0041 ffd2 

  0x000001cf07d07058: ;   {post_call_nop}
  0x000001cf07d07058: 0f1f 8400 | 0000 0000 | e939 0100 | 004c 8bd0 | e92e 0100 | 004c 8bd0 | e926 0100 | 004c 8bd0 
  0x000001cf07d07078: e9dc 0100 | 004c 8bd0 | e916 0100 | 004c 8bd0 | e90e 0100 | 004c 8bd0 | e906 0100 | 004c 8bd0 
  0x000001cf07d07098: e9fe 0000 | 004c 8bd0 | e9f6 0000 | 004c 8bd0 | e9ee 0000 | 004c 8bd0 | e9e6 0000 | 004c 8bd0 
  0x000001cf07d070b8: e99c 0100 | 004c 8bd0 | e994 0100 | 004c 8bd0 | e98c 0100 | 004c 8bd0 | e984 0100 | 004c 8bd0 
  0x000001cf07d070d8: e97c 0100 | 0048 8bd8 | e998 0200 | 004c 8bd0 | e96c 0100 | 004c 8bd0 | e964 0100 | 004c 8bd0 
  0x000001cf07d070f8: e95c 0100 | 004c 8bd0 | e954 0100 | 0048 8bd8 | 448b 5008 | 49b8 0000 | 000f cf01 | 0000 4d03 
  0x000001cf07d07118: c24d 8b50 | 504c 3bd5 | 0f85 e801 | 0000 4c8b | d84c 8b84 | 24b0 0000 | 00ba 9dff | ffff 448b 
  0x000001cf07d07138: 5424 3844 | 8954 2420 | 4c8b 5424 | 404c 8954 | 2430 4c8b | 5424 484c | 8954 2438 

  0x000001cf07d07154: ;   {no_reloc}
  0x000001cf07d07154: 4c8b 5424 | 604c 8954 | 2440 4c8b | 9424 8800 | 0000 4c89 | 5424 684c | 8b54 2478 | 4c89 5424 
  0x000001cf07d07174: 704c 8984 | 2480 0000 | 004c 899c | 2488 0000 | 0066 6690 

  0x000001cf07d07188: ;   {runtime_call UncommonTrapBlob}
  0x000001cf07d07188: c5f8 77e8 

  0x000001cf07d0718c: ; ImmutableOopMap {[64]=Oop [104]=Oop [128]=Oop [136]=Oop [152]=Oop [160]=Oop [168]=NarrowOop [184]=Oop [248]=Oop }
                      ;*astore {reexecute=0 rethrow=0 return_oop=0}
                      ; - java.net.URLClassLoader::defineClass@88 (line 401)
                      ; - java.net.URLClassLoader::findClass@30 (line 339)
                      ; - java.lang.ClassLoader::loadClass@69 (line 557)
  0x000001cf07d0718c: d0e6 94ff 

  0x000001cf07d07190: ;   {post_call_nop}
  0x000001cf07d07190: 0f1f 8400 | 8897 00e8 | 4c8b d049 | 8bda 448b | 5308 49b8 | 0000 000f | cf01 0000 | 4d03 c248 
  0x000001cf07d071b0: ff74 2468 | 488f 8424 | 9800 0000 | 48ff 7424 | 5848 8f84 | 24a0 0000 | 00e9 4001 | 0000 488b 
  0x000001cf07d071d0: d8e9 a701 | 0000 488b | d844 8b58 | 0849 b800 | 0000 0fcf | 0100 004d | 03c3 e91f | 0100 0048 
  0x000001cf07d071f0: 8bd8 448b | 5808 49b8 | 0000 000f | cf01 0000 | 4d03 c3e9 | 0601 0000 | 488b d844 | 8b58 0849 
  0x000001cf07d07210: b800 0000 | 0fcf 0100 | 004d 03c3 | e9ed 0000 | 004c 8bd0 | 498b da45 | 8b5a 0849 | b800 0000 
  0x000001cf07d07230: 0fcf 0100 | 004d 03c3 | e9d1 0000 | 0048 8bd8 | 448b 5008 | 49b8 0000 | 000f cf01 | 0000 4d03 
  0x000001cf07d07250: c2e9 b800 | 0000 4c8b | d049 8bda | 458b 5208 | 49b8 0000 | 000f cf01 | 0000 4d03 | c2e9 9c00 
  0x000001cf07d07270: 0000 488b | d8e9 0301 | 0000 488b | d844 8b58 | 0849 ba00 | 0000 0fcf | 0100 004d 

  0x000001cf07d0728c: ;   {no_reloc}
  0x000001cf07d0728c: 03d3 4d8b 

  0x000001cf07d07290: ;   {metadata('java/io/IOException')}
  0x000001cf07d07290: 5248 49bb | d838 1c0f | cf01 0000 | 4d3b d30f | 85d8 0000 | 0048 8be8 | ba9d ffff | ff44 8b5c 
  0x000001cf07d072b0: 2438 4489 | 5c24 284c | 8b54 2440 | 4c89 5424 | 384c 8b54 | 2448 4c89 | 5424 404c | 8b54 2460 
  0x000001cf07d072d0: 4c89 5424 | 4844 8b54 | 2468 4489 | 5424 2c90 

  0x000001cf07d072e0: ;   {runtime_call UncommonTrapBlob}
  0x000001cf07d072e0: c5f8 77e8 

  0x000001cf07d072e4: ; ImmutableOopMap {rbp=Oop [44]=NarrowOop [72]=Oop [88]=Oop [112]=Oop [184]=Oop }
                      ;*astore_2 {reexecute=0 rethrow=0 return_oop=0}
                      ; - jdk.internal.loader.URLClassPath$JarLoader::getResource@7 (line 761)
                      ; - jdk.internal.loader.URLClassPath::getResource@50 (line 332)
                      ; - java.net.URLClassLoader::findClass@19 (line 336)
                      ; - java.lang.ClassLoader::loadClass@69 (line 557)
  0x000001cf07d072e4: 78e5 94ff 

  0x000001cf07d072e8: ;   {post_call_nop}
  0x000001cf07d072e8: 0f1f 8400 | e098 00e9 | 488b d8eb | 0848 8bd8 | eb03 488b | d844 8b53 | 0849 b800 | 0000 0fcf 
  0x000001cf07d07308: 0100 004d | 03c2 4d8b 

  0x000001cf07d07310: ;   {metadata('java/io/IOException')}
  0x000001cf07d07310: 5048 49bb | d838 1c0f | cf01 0000 | 4d3b d30f | 845b 0e00 | 004d 8b50 

  0x000001cf07d07328: ;   {metadata('java/lang/ClassFormatError')}
  0x000001cf07d07328: 5049 bbf8 | a715 10cf | 0100 004d | 3bd3 7545 | 488b ebba | 9dff ffff | 448b 5c24 | 3844 895c 
  0x000001cf07d07348: 2428 4c8b | 5424 404c | 8954 2438 | 4c8b 5424 | 484c 8954 | 2440 6690 

  0x000001cf07d07360: ;   {runtime_call UncommonTrapBlob}
  0x000001cf07d07360: c5f8 77e8 

  0x000001cf07d07364: ; ImmutableOopMap {rbp=Oop [96]=Oop [160]=Oop [184]=Oop }
                      ;*astore {reexecute=0 rethrow=0 return_oop=0}
                      ; - java.net.URLClassLoader::findClass@47 (line 342)
                      ; - java.lang.ClassLoader::loadClass@69 (line 557)
  0x000001cf07d07364: f8e4 94ff 

  0x000001cf07d07368: ;   {post_call_nop}
  0x000001cf07d07368: 0f1f 8400 | 6099 00ea | 488b d8eb | 0848 8bd8 | eb03 488b | d848 8beb | e903 7eff | ffba f6ff 
  0x000001cf07d07388: ffff 448b | 5424 3844 | 8954 2428 | 4c8b 5424 | 404c 8954 | 2438 4c8b | 5424 484c | 8954 2440 
  0x000001cf07d073a8: 4c8b 5424 | 604c 8954 | 2448 448b | 5c24 6844 | 895c 242c | 4c89 4c24 | 7848 898c | 2480 0000 
  0x000001cf07d073c8: 0066 6690 

  0x000001cf07d073cc: ;   {runtime_call UncommonTrapBlob}
  0x000001cf07d073cc: c5f8 77e8 

  0x000001cf07d073d0: ; ImmutableOopMap {rbp=NarrowOop [44]=NarrowOop [72]=Oop [88]=Oop [112]=Oop [120]=Oop [128]=Oop [184]=Oop }
                      ;*invokevirtual startsWith {reexecute=0 rethrow=0 return_oop=0}
                      ; - jdk.internal.loader.URLClassPath$FileLoader::getResource@30 (line 937)
                      ; - jdk.internal.loader.URLClassPath::getResource@50 (line 332)
                      ; - java.net.URLClassLoader::findClass@19 (line 336)
                      ; - java.lang.ClassLoader::loadClass@69 (line 557)
  0x000001cf07d073d0: 8ce4 94ff 

  0x000001cf07d073d4: ;   {post_call_nop}
  0x000001cf07d073d4: 0f1f 8400 | cc99 00eb | bac6 ffff | ff44 8b44 | 2438 4489 | 4424 204c | 8b5c 2440 | 4c89 5c24 
  0x000001cf07d073f4: 304c 8b5c | 2448 4c89 | 5c24 384c | 8b5c 2460 | 4c89 5c24 | 4048 ff74 | 2458 488f | 4424 5044 
  0x000001cf07d07414: 8b5c 2468 | 4489 5c24 | 2444 8954 | 2460 4889 | 4424 6890 

  0x000001cf07d07428: ;   {runtime_call UncommonTrapBlob}
  0x000001cf07d07428: c5f8 77e8 

  0x000001cf07d0742c: ; ImmutableOopMap {[36]=NarrowOop [64]=Oop [80]=Oop [104]=Oop [112]=Oop [184]=Oop }
                      ;*invokevirtual getResource {reexecute=0 rethrow=0 return_oop=0}
                      ; - jdk.internal.loader.URLClassPath::getResource@50 (line 332)
                      ; - java.net.URLClassLoader::findClass@19 (line 336)
                      ; - java.lang.ClassLoader::loadClass@69 (line 557)
  0x000001cf07d0742c: 30e4 94ff 

  0x000001cf07d07430: ;   {post_call_nop}
  0x000001cf07d07430: 0f1f 8400 | 289a 00ec | baf6 ffff | ff44 8b54 | 2438 4489 | 5424 284c | 8b54 2440 | 4c89 5424 
  0x000001cf07d07450: 384c 8b54 | 2448 4c89 | 5424 404c | 8b54 2460 | 4c89 5424 | 4844 8b54 | 2468 4489 | 5424 2c48 
  0x000001cf07d07470: 8984 2488 | 0000 0090 

  0x000001cf07d07478: ;   {runtime_call UncommonTrapBlob}
  0x000001cf07d07478: c5f8 77e8 

  0x000001cf07d0747c: ; ImmutableOopMap {rbp=NarrowOop [44]=NarrowOop [72]=Oop [88]=Oop [112]=Oop [120]=Oop [128]=Oop [136]=Oop [184]=Oop }
                      ;*invokevirtual startsWith {reexecute=0 rethrow=0 return_oop=0}
                      ; - jdk.internal.loader.URLClassPath$FileLoader::getResource@84 (line 945)
                      ; - jdk.internal.loader.URLClassPath::getResource@50 (line 332)
                      ; - java.net.URLClassLoader::findClass@19 (line 336)
                      ; - java.lang.ClassLoader::loadClass@69 (line 557)
  0x000001cf07d0747c: e0e3 94ff 

  0x000001cf07d07480: ;   {post_call_nop}
  0x000001cf07d07480: 0f1f 8400 | 789a 00ed | 33ed 4585 | db40 0f96 | c5ba 4dff | ffff 448b | 5424 3844 | 8954 2428 
  0x000001cf07d074a0: 4c8b 5424 | 404c 8954 | 2438 4c8b | 5424 484c | 8954 2440 | 4c8b 5424 | 604c 8954 | 2448 448b 
  0x000001cf07d074c0: 5424 6844 | 8954 242c 

  0x000001cf07d074c8: ;   {runtime_call UncommonTrapBlob}
  0x000001cf07d074c8: c5f8 77e8 

  0x000001cf07d074cc: ; ImmutableOopMap {[44]=NarrowOop [72]=Oop [88]=Oop [112]=Oop [120]=Oop [128]=Oop [144]=Oop [152]=Oop [184]=Oop }
                      ;*ifeq {reexecute=1 rethrow=0 return_oop=0}
                      ; - (reexecute) java.io.File::<init>@32 (line 368)
                      ; - jdk.internal.loader.URLClassPath$FileLoader::getResource@64 (line 943)
                      ; - jdk.internal.loader.URLClassPath::getResource@50 (line 332)
                      ; - java.net.URLClassLoader::findClass@19 (line 336)
                      ; - java.lang.ClassLoader::loadClass@69 (line 557)
  0x000001cf07d074cc: 90e3 94ff 

  0x000001cf07d074d0: ;   {post_call_nop}
  0x000001cf07d074d0: 0f1f 8400 | c89a 00ee | bae4 ffff | ff44 8b5c | 2438 4489 | 5c24 204c | 8b54 2440 | 4c89 5424 
  0x000001cf07d074f0: 304c 8b54 | 2448 4c89 | 5424 384c | 8b54 2460 | 4c89 5424 | 404c 8b54 | 2458 4c89 | 5424 5044 
  0x000001cf07d07510: 8b5c 2468 | 4489 5c24 | 2444 8b54 | 246c 4489 | 5424 604c | 8b54 2470 | 4c89 5424 | 684c 8b54 
  0x000001cf07d07530: 2478 4c89 | 5424 704c | 8b94 2480 | 0000 004c | 8954 2478 | 4489 4c24 | 6444 8984 | 249c 0000 
  0x000001cf07d07550: 0089 8c24 | a000 0000 

  0x000001cf07d07558: ;   {runtime_call UncommonTrapBlob}
  0x000001cf07d07558: c5f8 77e8 

  0x000001cf07d0755c: ; ImmutableOopMap {[36]=NarrowOop [64]=Oop [80]=Oop [104]=Oop [112]=Oop [120]=Oop [136]=Oop [144]=Oop [156]=NarrowOop [184]=Oop }
                      ;*invokestatic checkIndex {reexecute=0 rethrow=0 return_oop=0}
                      ; - java.lang.String::checkIndex@5 (line 4917)
                      ; - java.lang.StringLatin1::charAt@3 (line 46)
                      ; - java.lang.String::charAt@12 (line 1616)
                      ; - java.io.WinNTFileSystem::prefixLength@41 (line 251)
                      ; - java.io.File::<init>@104 (line 378)
                      ; - jdk.internal.loader.URLClassPath$FileLoader::getResource@64 (line 943)
                      ; - jdk.internal.loader.URLClassPath::getResource@50 (line 332)
                      ; - java.net.URLClassLoader::findClass@19 (line 336)
                      ; - java.lang.ClassLoader::loadClass@69 (line 557)
  0x000001cf07d0755c: 00e3 94ff 

  0x000001cf07d07560: ;   {post_call_nop}
  0x000001cf07d07560: 0f1f 8400 | 589b 00ef | bae4 ffff | ff44 8b5c | 2438 4489 | 5c24 284c | 8b54 2440 | 4c89 5424 
  0x000001cf07d07580: 384c 8b54 | 2448 4c89 | 5424 404c | 8b54 2460 | 4c89 5424 | 4844 8b5c | 2468 4489 | 5c24 2c44 
  0x000001cf07d075a0: 8b54 246c | 4489 5424 | 6844 8b9c | 249c 0000 | 0044 895c | 246c 448b | 9424 a000 | 0000 4489 
  0x000001cf07d075c0: 9424 9c00 | 0000 4489 | 8424 a000 | 0000 6690 

  0x000001cf07d075d0: ;   {runtime_call UncommonTrapBlob}
  0x000001cf07d075d0: c5f8 77e8 

  0x000001cf07d075d4: ; ImmutableOopMap {[44]=NarrowOop [72]=Oop [88]=Oop [112]=Oop [120]=Oop [128]=Oop [136]=Oop [144]=Oop [160]=NarrowOop [184]=Oop }
                      ;*invokestatic checkIndex {reexecute=0 rethrow=0 return_oop=0}
                      ; - java.lang.String::checkIndex@5 (line 4917)
                      ; - java.lang.StringLatin1::charAt@3 (line 46)
                      ; - java.lang.String::charAt@12 (line 1616)
                      ; - java.io.WinNTFileSystem::prefixLength@53 (line 252)
                      ; - java.io.File::<init>@104 (line 378)
                      ; - jdk.internal.loader.URLClassPath$FileLoader::getResource@64 (line 943)
                      ; - jdk.internal.loader.URLClassPath::getResource@50 (line 332)
                      ; - java.net.URLClassLoader::findClass@19 (line 336)
                      ; - java.lang.ClassLoader::loadClass@69 (line 557)
  0x000001cf07d075d4: 88e2 94ff 

  0x000001cf07d075d8: ;   {post_call_nop}
  0x000001cf07d075d8: 0f1f 8400 | d09b 00f0 | bae4 ffff | ff44 8b5c | 2438 4489 | 5c24 284c | 8b54 2440 | 4c89 5424 
  0x000001cf07d075f8: 384c 8b54 | 2448 4c89 | 5424 404c | 8b54 2460 | 4c89 5424 | 4844 8b54 | 2468 4489 | 5424 2c44 
  0x000001cf07d07618: 8b5c 246c | 4489 5c24 | 6844 8984 | 2498 0000 | 0066 6690 

  0x000001cf07d0762c: ;   {runtime_call UncommonTrapBlob}
  0x000001cf07d0762c: c5f8 77e8 

  0x000001cf07d07630: ; ImmutableOopMap {[44]=NarrowOop [72]=Oop [88]=Oop [112]=Oop [120]=Oop [128]=Oop [144]=Oop [152]=NarrowOop [184]=Oop }
                      ;*invokestatic checkIndex {reexecute=0 rethrow=0 return_oop=0}
                      ; - java.lang.String::checkIndex@5 (line 4917)
                      ; - java.lang.StringLatin1::charAt@3 (line 46)
                      ; - java.lang.String::charAt@12 (line 1616)
                      ; - java.io.WinNTFileSystem::prefixLength@101 (line 258)
                      ; - java.io.File::<init>@104 (line 378)
                      ; - jdk.internal.loader.URLClassPath$FileLoader::getResource@64 (line 943)
                      ; - jdk.internal.loader.URLClassPath::getResource@50 (line 332)
                      ; - java.net.URLClassLoader::findClass@19 (line 336)
                      ; - java.lang.ClassLoader::loadClass@69 (line 557)
  0x000001cf07d07630: 2ce2 94ff 

  0x000001cf07d07634: ;   {post_call_nop}
  0x000001cf07d07634: 0f1f 8400 | 2c9c 00f1 | ba76 ffff | ff44 8b5c | 2438 4489 | 5c24 204c | 8b54 2440 | 4c89 5424 
  0x000001cf07d07654: 304c 8b54 | 2448 4c89 | 5424 384c | 8b54 2460 | 4c89 5424 | 404c 8b54 | 2458 4c89 | 5424 5044 
  0x000001cf07d07674: 8b54 2468 | 4489 5424 | 244c 8b54 | 2470 448b | 5c24 6c44 | 895c 2460 | 4c89 5424 | 684c 8b54 
  0x000001cf07d07694: 2478 4c89 | 5424 704c | 8b94 2480 | 0000 004c | 8954 2478 | 448b 9424 | 8800 0000 | 4489 5424 
  0x000001cf07d076b4: 6448 8984 | 2488 0000 | 0044 898c | 2498 0000 | 0066 6690 

  0x000001cf07d076c8: ;   {runtime_call UncommonTrapBlob}
  0x000001cf07d076c8: c5f8 77e8 

  0x000001cf07d076cc: ; ImmutableOopMap {[36]=NarrowOop [64]=Oop [80]=Oop [100]=NarrowOop [104]=Oop [112]=Oop [120]=Oop [136]=Oop [144]=Oop [152]=NarrowOop [184]=Oop }
                      ;*if_icmpge {reexecute=1 rethrow=0 return_oop=0}
                      ; - (reexecute) jdk.internal.util.ArraysSupport::mismatch@74 (line 563)
                      ; - java.lang.String::startsWith@70 (line 2373)
                      ; - java.lang.String::startsWith@3 (line 2403)
                      ; - java.io.WinNTFileSystem::stripLongOrUNCPrefix@3 (line 67)
                      ; - java.io.WinNTFileSystem::normalize@1 (line 120)
                      ; - java.io.File::<init>@73 (line 373)
                      ; - jdk.internal.loader.URLClassPath$FileLoader::getResource@64 (line 943)
                      ; - jdk.internal.loader.URLClassPath::getResource@50 (line 332)
                      ; - java.net.URLClassLoader::findClass@19 (line 336)
                      ; - java.lang.ClassLoader::loadClass@69 (line 557)
  0x000001cf07d076cc: 90e1 94ff 

  0x000001cf07d076d0: ;   {post_call_nop}
  0x000001cf07d076d0: 0f1f 8400 | c89c 00f2 | ba4d ffff | ff44 8b54 | 2438 4489 | 5424 204c | 8b54 2440 | 4c89 5424 
  0x000001cf07d076f0: 304c 8b54 | 2448 4c89 | 5424 384c | 8b54 2460 | 4c89 5424 | 404c 8b54 | 2458 4c89 | 5424 5044 
  0x000001cf07d07710: 8b5c 2468 | 4489 5c24 | 2444 8b54 | 246c 4489 | 5424 604c | 8b54 2470 | 4c89 5424 | 684c 8b54 
  0x000001cf07d07730: 2478 4c89 | 5424 704c | 8b94 2480 | 0000 004c | 8954 2478 | 4c8b 9424 | 9000 0000 | 4c89 9424 
  0x000001cf07d07750: 8800 0000 | 894c 2464 

  0x000001cf07d07758: ;   {runtime_call UncommonTrapBlob}
  0x000001cf07d07758: c5f8 77e8 

  0x000001cf07d0775c: ; ImmutableOopMap {[36]=NarrowOop [64]=Oop [80]=Oop [104]=Oop [112]=Oop [120]=Oop [136]=Oop [144]=Oop [184]=Oop }
                      ;*if_icmple {reexecute=1 rethrow=0 return_oop=0}
                      ; - (reexecute) java.io.WinNTFileSystem::prefixLength@96 (line 258)
                      ; - java.io.File::<init>@104 (line 378)
                      ; - jdk.internal.loader.URLClassPath$FileLoader::getResource@64 (line 943)
                      ; - jdk.internal.loader.URLClassPath::getResource@50 (line 332)
                      ; - java.net.URLClassLoader::findClass@19 (line 336)
                      ; - java.lang.ClassLoader::loadClass@69 (line 557)
  0x000001cf07d0775c: 00e1 94ff 

  0x000001cf07d07760: ;   {post_call_nop}
  0x000001cf07d07760: 0f1f 8400 | 589d 00f3 | ba4d ffff | ff44 8b5c | 2438 4489 | 5c24 204c | 8b54 2440 | 4c89 5424 
  0x000001cf07d07780: 304c 8b54 | 2448 4c89 | 5424 384c | 8b54 2460 | 4c89 5424 | 404c 8b54 | 2458 4c89 | 5424 5044 
  0x000001cf07d077a0: 8b54 2468 | 4489 5424 | 244c 8b54 | 2470 448b | 5c24 6c44 | 895c 2460 | 4c89 5424 | 684c 8b54 
  0x000001cf07d077c0: 2478 4c89 | 5424 704c | 8b94 2480 | 0000 004c | 8954 2478 | 4c8b 9424 | 9000 0000 | 4c89 9424 
  0x000001cf07d077e0: 8800 0000 | 4489 4424 | 6466 6690 

  0x000001cf07d077ec: ;   {runtime_call UncommonTrapBlob}
  0x000001cf07d077ec: c5f8 77e8 

  0x000001cf07d077f0: ; ImmutableOopMap {[36]=NarrowOop [64]=Oop [80]=Oop [104]=Oop [112]=Oop [120]=Oop [136]=Oop [184]=Oop }
                      ;*if_icmpne {reexecute=1 rethrow=0 return_oop=0}
                      ; - (reexecute) java.io.WinNTFileSystem::prefixLength@105 (line 258)
                      ; - java.io.File::<init>@104 (line 378)
                      ; - jdk.internal.loader.URLClassPath$FileLoader::getResource@64 (line 943)
                      ; - jdk.internal.loader.URLClassPath::getResource@50 (line 332)
                      ; - java.net.URLClassLoader::findClass@19 (line 336)
                      ; - java.lang.ClassLoader::loadClass@69 (line 557)
  0x000001cf07d077f0: 6ce0 94ff 

  0x000001cf07d077f4: ;   {post_call_nop}
  0x000001cf07d077f4: 0f1f 8400 | ec9d 00f4 | ba4d ffff | ff44 8b54 | 2438 4489 | 5424 204c | 8b54 2440 | 4c89 5424 
  0x000001cf07d07814: 304c 8b54 | 2448 4c89 | 5424 384c | 8b54 2460 | 4c89 5424 | 404c 8b54 | 2458 4c89 | 5424 5044 
  0x000001cf07d07834: 8b54 2468 | 4489 5424 | 244c 8b54 | 2470 448b | 5c24 6c44 | 895c 2460 | 4c89 5424 | 684c 8b54 
  0x000001cf07d07854: 2478 4c89 | 5424 704c | 8b94 2480 | 0000 004c | 8954 2478 | 4d8b d14c | 8994 2488 | 0000 0090 
  0x000001cf07d07874: ;   {runtime_call UncommonTrapBlob}
  0x000001cf07d07874: c5f8 77e8 

  0x000001cf07d07878: ; ImmutableOopMap {[36]=NarrowOop [64]=Oop [80]=Oop [104]=Oop [112]=Oop [120]=Oop [136]=Oop [144]=Oop [184]=Oop }
                      ;*ifne {reexecute=1 rethrow=0 return_oop=0}
                      ; - (reexecute) java.io.WinNTFileSystem::prefixLength@34 (line 250)
                      ; - java.io.File::<init>@104 (line 378)
                      ; - jdk.internal.loader.URLClassPath$FileLoader::getResource@64 (line 943)
                      ; - jdk.internal.loader.URLClassPath::getResource@50 (line 332)
                      ; - java.net.URLClassLoader::findClass@19 (line 336)
                      ; - java.lang.ClassLoader::loadClass@69 (line 557)
  0x000001cf07d07878: e4df 94ff 

  0x000001cf07d0787c: ;   {post_call_nop}
  0x000001cf07d0787c: 0f1f 8400 | 749e 00f5 | ba4d ffff | ff44 8b4c | 2438 4489 | 4c24 204c | 8b54 2440 | 4c89 5424 
  0x000001cf07d0789c: 304c 8b54 | 2448 4c89 | 5424 384c | 8b54 2460 | 4c89 5424 | 404c 8b54 | 2458 4c89 | 5424 5044 
  0x000001cf07d078bc: 8b54 2468 | 4489 5424 | 244c 8b54 | 2470 448b | 4c24 6c44 | 894c 2460 | 4c89 5424 | 684c 8b54 
  0x000001cf07d078dc: 2478 4c89 | 5424 704c | 8b94 2480 | 0000 004c | 8954 2478 | 4c8b 9424 | 9000 0000 | 4c89 9424 
  0x000001cf07d078fc: 8800 0000 | 448b 9424 | 9c00 0000 | 4489 9c24 | 9000 0000 | 4489 9424 | 9800 0000 

  0x000001cf07d07918: ;   {runtime_call UncommonTrapBlob}
  0x000001cf07d07918: c5f8 77e8 

  0x000001cf07d0791c: ; ImmutableOopMap {[36]=NarrowOop [64]=Oop [80]=Oop [104]=Oop [112]=Oop [120]=Oop [136]=Oop [184]=Oop }
                      ;*if_icmpne {reexecute=1 rethrow=0 return_oop=0}
                      ; - (reexecute) java.io.WinNTFileSystem::prefixLength@65 (line 253)
                      ; - java.io.File::<init>@104 (line 378)
                      ; - jdk.internal.loader.URLClassPath$FileLoader::getResource@64 (line 943)
                      ; - jdk.internal.loader.URLClassPath::getResource@50 (line 332)
                      ; - java.net.URLClassLoader::findClass@19 (line 336)
                      ; - java.lang.ClassLoader::loadClass@69 (line 557)
  0x000001cf07d0791c: 40df 94ff 

  0x000001cf07d07920: ;   {post_call_nop}
  0x000001cf07d07920: 0f1f 8400 | 189f 00f6 | ba4d ffff | ff44 8b54 | 2438 4489 | 5424 284c | 8b54 2440 | 4c89 5424 
  0x000001cf07d07940: 384c 8b54 | 2448 4c89 | 5424 404c | 8b54 2460 | 4c89 5424 | 4844 8b54 | 2468 4489 | 5424 2c44 
  0x000001cf07d07960: 8b5c 246c | 4489 5c24 | 6844 8b94 | 2488 0000 | 0044 8954 | 246c 4889 | 8424 8800 | 0000 4489 
  0x000001cf07d07980: 8c24 9800 | 0000 6690 

  0x000001cf07d07988: ;   {runtime_call UncommonTrapBlob}
  0x000001cf07d07988: c5f8 77e8 

  0x000001cf07d0798c: ; ImmutableOopMap {[44]=NarrowOop [72]=Oop [88]=Oop [108]=NarrowOop [112]=Oop [120]=Oop [128]=Oop [136]=Oop [144]=Oop [152]=NarrowOop [184]=Oop }
                      ;*if_icmpne {reexecute=1 rethrow=0 return_oop=0}
                      ; - (reexecute) java.lang.String::startsWith@50 (line 2369)
                      ; - java.lang.String::startsWith@3 (line 2403)
                      ; - java.io.WinNTFileSystem::stripLongOrUNCPrefix@3 (line 67)
                      ; - java.io.WinNTFileSystem::normalize@1 (line 120)
                      ; - java.io.File::<init>@73 (line 373)
                      ; - jdk.internal.loader.URLClassPath$FileLoader::getResource@64 (line 943)
                      ; - jdk.internal.loader.URLClassPath::getResource@50 (line 332)
                      ; - java.net.URLClassLoader::findClass@19 (line 336)
                      ; - java.lang.ClassLoader::loadClass@69 (line 557)
  0x000001cf07d0798c: d0de 94ff 

  0x000001cf07d07990: ;   {post_call_nop}
  0x000001cf07d07990: 0f1f 8400 | 889f 00f7 | 412b f848 | 8994 24c8 | 0000 00e9 | d4eb ffff | 458b d149 | 8bd2 4533 
  0x000001cf07d079b0: c066 6690 

  0x000001cf07d079b4: ;   {static_call}
  0x000001cf07d079b4: c5f8 77e8 

  0x000001cf07d079b8: ; ImmutableOopMap {[32]=Oop [80]=Oop [88]=Oop [96]=Oop [104]=NarrowOop [112]=Oop [120]=Oop [128]=Oop [136]=Oop [144]=Oop [184]=Oop }
                      ;*invokestatic charAt {reexecute=0 rethrow=0 return_oop=0}
                      ; - java.lang.String::charAt@21 (line 1618)
                      ; - java.io.WinNTFileSystem::prefixLength@41 (line 251)
                      ; - java.io.File::<init>@104 (line 378)
                      ; - jdk.internal.loader.URLClassPath$FileLoader::getResource@109 (line 950)
                      ; - jdk.internal.loader.URLClassPath::getResource@50 (line 332)
                      ; - java.net.URLClassLoader::findClass@19 (line 336)
                      ; - java.lang.ClassLoader::loadClass@69 (line 557)
  0x000001cf07d079b8: a47e 87ff 

  0x000001cf07d079bc: ;   {post_call_nop}
  0x000001cf07d079bc: 0f1f 8400 | b49f 00f8 | 8984 24a0 | 0000 00e9 | 03bb ffff | 498b d041 | b801 0000 | 0066 6690 
  0x000001cf07d079dc: ;   {static_call}
  0x000001cf07d079dc: c5f8 77e8 

  0x000001cf07d079e0: ; ImmutableOopMap {[32]=Oop [80]=Oop [88]=Oop [96]=Oop [104]=NarrowOop [112]=Oop [120]=Oop [128]=Oop [136]=Oop [144]=Oop [184]=Oop }
                      ;*invokestatic charAt {reexecute=0 rethrow=0 return_oop=0}
                      ; - java.lang.String::charAt@21 (line 1618)
                      ; - java.io.WinNTFileSystem::prefixLength@53 (line 252)
                      ; - java.io.File::<init>@104 (line 378)
                      ; - jdk.internal.loader.URLClassPath$FileLoader::getResource@109 (line 950)
                      ; - jdk.internal.loader.URLClassPath::getResource@50 (line 332)
                      ; - java.net.URLClassLoader::findClass@19 (line 336)
                      ; - java.lang.ClassLoader::loadClass@69 (line 557)
  0x000001cf07d079e0: 7c7e 87ff 

  0x000001cf07d079e4: ;   {post_call_nop}
  0x000001cf07d079e4: 0f1f 8400 | dc9f 00f9 | 448b c8e9 | 2bbb ffff | 498b d041 | b802 0000 | 0066 6690 

  0x000001cf07d07a00: ;   {static_call}
  0x000001cf07d07a00: c5f8 77e8 

  0x000001cf07d07a04: ; ImmutableOopMap {[32]=Oop [80]=Oop [88]=Oop [96]=Oop [104]=NarrowOop [112]=Oop [120]=Oop [128]=Oop [144]=Oop [184]=Oop }
                      ;*invokestatic charAt {reexecute=0 rethrow=0 return_oop=0}
                      ; - java.lang.String::charAt@21 (line 1618)
                      ; - java.io.WinNTFileSystem::prefixLength@101 (line 258)
                      ; - java.io.File::<init>@104 (line 378)
                      ; - jdk.internal.loader.URLClassPath$FileLoader::getResource@109 (line 950)
                      ; - jdk.internal.loader.URLClassPath::getResource@50 (line 332)
                      ; - java.net.URLClassLoader::findClass@19 (line 336)
                      ; - java.lang.ClassLoader::loadClass@69 (line 557)
  0x000001cf07d07a04: 587e 87ff 

  0x000001cf07d07a08: ;   {post_call_nop}
  0x000001cf07d07a08: 0f1f 8400 | 00a0 00fa | 448b c8e9 | 20bc ffff | baf6 ffff | ff44 8b5c | 2438 4489 | 5c24 284c 
  0x000001cf07d07a28: 8b54 2440 | 4c89 5424 | 384c 8b54 | 2448 4c89 | 5424 404c | 8b54 2460 | 4c89 5424 | 484c 8b54 
  0x000001cf07d07a48: 2478 4c89 | 5424 7090 

  0x000001cf07d07a50: ;   {runtime_call UncommonTrapBlob}
  0x000001cf07d07a50: c5f8 77e8 

  0x000001cf07d07a54: ; ImmutableOopMap {rbp=Oop [72]=Oop [128]=Oop [152]=Oop [160]=Oop [168]=NarrowOop [184]=Oop }
                      ;*invokevirtual length {reexecute=0 rethrow=0 return_oop=0}
                      ; - jdk.internal.loader.URLClassPath$FileLoader$1::getContentLength@4 (line 961)
                      ; - jdk.internal.loader.Resource::getBytes@6 (line 90)
                      ; - java.net.URLClassLoader::defineClass@179 (line 421)
                      ; - java.net.URLClassLoader::findClass@30 (line 339)
                      ; - java.lang.ClassLoader::loadClass@69 (line 557)
  0x000001cf07d07a54: 08de 94ff 

  0x000001cf07d07a58: ;   {post_call_nop}
  0x000001cf07d07a58: 0f1f 8400 | 50a0 00fb | 8944 2424 | 488b ac24 | c800 0000 | ba4d ffff | ff44 8b54 | 2438 4489 
  0x000001cf07d07a78: 5424 3048 | ff74 2460 | 488f 4424 | 5066 6690 

  0x000001cf07d07a88: ;   {runtime_call UncommonTrapBlob}
  0x000001cf07d07a88: c5f8 77e8 

  0x000001cf07d07a8c: ; ImmutableOopMap {rbp=Oop [80]=Oop [128]=Oop [136]=Oop [152]=Oop [160]=Oop [168]=NarrowOop [184]=Oop }
                      ;*ifge {reexecute=1 rethrow=0 return_oop=0}
                      ; - (reexecute) jdk.internal.loader.Resource::getBytes@97 (line 107)
                      ; - java.net.URLClassLoader::defineClass@179 (line 421)
                      ; - java.net.URLClassLoader::findClass@30 (line 339)
                      ; - java.lang.ClassLoader::loadClass@69 (line 557)
  0x000001cf07d07a8c: d0dd 94ff 

  0x000001cf07d07a90: ;   {post_call_nop}
  0x000001cf07d07a90: 0f1f 8400 | 88a0 00fc | 4489 5c24 | 2848 8954 | 2420 ba4d | ffff ff44 | 8b44 2438 | 4489 4424 
  0x000001cf07d07ab0: 2c48 ff74 | 2460 488f | 4424 5048 | 898c 2490 | 0000 0044 | 8994 2484 | 0000 0090 

  0x000001cf07d07acc: ;   {runtime_call UncommonTrapBlob}
  0x000001cf07d07acc: c5f8 77e8 

  0x000001cf07d07ad0: ; ImmutableOopMap {[32]=Oop [80]=Oop [136]=Oop [144]=Oop [152]=Oop [160]=Oop [168]=NarrowOop [184]=Oop }
                      ;*ifge {reexecute=1 rethrow=0 return_oop=0}
                      ; - (reexecute) jdk.internal.loader.Resource::getBytes@55 (line 98)
                      ; - java.net.URLClassLoader::defineClass@179 (line 421)
                      ; - java.net.URLClassLoader::findClass@30 (line 339)
                      ; - java.lang.ClassLoader::loadClass@69 (line 557)
  0x000001cf07d07ad0: 8cdd 94ff 

  0x000001cf07d07ad4: ;   {post_call_nop}
  0x000001cf07d07ad4: 0f1f 8400 | cca0 00fd | bac6 ffff | ff44 8b44 | 2438 4489 | 4424 204c | 8b54 2440 | 4c89 5424 
  0x000001cf07d07af4: 304c 8b54 | 2448 4c89 | 5424 384c | 8b54 2460 | 4c89 5424 | 404c 8b54 | 2478 4c89 | 5424 7044 
  0x000001cf07d07b14: 895c 2424 

  0x000001cf07d07b18: ;   {runtime_call UncommonTrapBlob}
  0x000001cf07d07b18: c5f8 77e8 

  0x000001cf07d07b1c: ; ImmutableOopMap {[64]=Oop [152]=Oop [160]=Oop [184]=Oop }
                      ;*invokevirtual getCodeSourceURL {reexecute=0 rethrow=0 return_oop=0}
                      ; - java.net.URLClassLoader::defineClass@13 (line 389)
                      ; - java.net.URLClassLoader::findClass@30 (line 339)
                      ; - java.lang.ClassLoader::loadClass@69 (line 557)
  0x000001cf07d07b1c: 40dd 94ff 

  0x000001cf07d07b20: ;   {post_call_nop}
  0x000001cf07d07b20: 0f1f 8400 | 18a1 00fe | bac6 ffff | ff44 8b5c | 2438 4489 | 5c24 204c | 8b54 2440 | 4c89 5424 
  0x000001cf07d07b40: 304c 8b54 | 2448 4c89 | 5424 384c | 8b54 2460 | 4c89 5424 | 404c 8b54 | 2478 4c89 | 5424 7090 
  0x000001cf07d07b60: ;   {runtime_call UncommonTrapBlob}
  0x000001cf07d07b60: c5f8 77e8 

  0x000001cf07d07b64: ; ImmutableOopMap {[64]=Oop [152]=Oop [160]=Oop [168]=NarrowOop [184]=Oop }
                      ;*invokevirtual getBytes {reexecute=0 rethrow=0 return_oop=0}
                      ; - java.net.URLClassLoader::defineClass@179 (line 421)
                      ; - java.net.URLClassLoader::findClass@30 (line 339)
                      ; - java.lang.ClassLoader::loadClass@69 (line 557)
  0x000001cf07d07b64: f8dc 94ff 

  0x000001cf07d07b68: ;   {post_call_nop}
  0x000001cf07d07b68: 0f1f 8400 | 60a1 00ff | 33ed 4585 | db40 0f96 | c5ba 4dff | ffff 448b | 5c24 3844 | 895c 2428 
  0x000001cf07d07b88: 4c8b 5424 | 404c 8954 | 2438 4c8b | 5424 484c | 8954 2440 | 4c8b 5424 | 604c 8954 | 2448 448b 
  0x000001cf07d07ba8: 5c24 6844 | 895c 242c 

  0x000001cf07d07bb0: ;   {runtime_call UncommonTrapBlob}
  0x000001cf07d07bb0: c5f8 77e8 

  0x000001cf07d07bb4: ; ImmutableOopMap {[44]=NarrowOop [72]=Oop [88]=Oop [112]=Oop [120]=Oop [128]=Oop [144]=Oop [152]=Oop [184]=Oop }
                      ;*ifeq {reexecute=1 rethrow=0 return_oop=0}
                      ; - (reexecute) java.io.File::<init>@32 (line 368)
                      ; - jdk.internal.loader.URLClassPath$FileLoader::getResource@109 (line 950)
                      ; - jdk.internal.loader.URLClassPath::getResource@50 (line 332)
                      ; - java.net.URLClassLoader::findClass@19 (line 336)
                      ; - java.lang.ClassLoader::loadClass@69 (line 557)
  0x000001cf07d07bb4: a8dc 94ff 

  0x000001cf07d07bb8: ;   {post_call_nop}
  0x000001cf07d07bb8: 0f1f 8400 | 0000 0000 | bae4 ffff | ff44 8b5c | 2438 4489 | 5c24 204c | 8b54 2440 | 4c89 5424 
  0x000001cf07d07bd8: 304c 8b54 | 2448 4c89 | 5424 384c | 8b54 2460 | 4c89 5424 | 404c 8b54 | 2458 4c89 | 5424 5044 
  0x000001cf07d07bf8: 8b54 2468 | 4489 5424 | 244c 8b54 | 2470 448b | 5c24 6c44 | 895c 2460 | 4c89 5424 | 684c 8b54 
  0x000001cf07d07c18: 2478 4c89 | 5424 704c | 8b94 2480 | 0000 004c | 8954 2478 | 894c 2464 | 4489 8c24 | 9c00 0000 
  0x000001cf07d07c38: 4489 8424 | a000 0000 

  0x000001cf07d07c40: ;   {runtime_call UncommonTrapBlob}
  0x000001cf07d07c40: c5f8 77e8 

  0x000001cf07d07c44: ; ImmutableOopMap {[36]=NarrowOop [64]=Oop [80]=Oop [104]=Oop [112]=Oop [120]=Oop [136]=Oop [144]=Oop [156]=NarrowOop [184]=Oop }
                      ;*invokestatic checkIndex {reexecute=0 rethrow=0 return_oop=0}
                      ; - java.lang.String::checkIndex@5 (line 4917)
                      ; - java.lang.StringLatin1::charAt@3 (line 46)
                      ; - java.lang.String::charAt@12 (line 1616)
                      ; - java.io.WinNTFileSystem::prefixLength@41 (line 251)
                      ; - java.io.File::<init>@104 (line 378)
                      ; - jdk.internal.loader.URLClassPath$FileLoader::getResource@109 (line 950)
                      ; - jdk.internal.loader.URLClassPath::getResource@50 (line 332)
                      ; - java.net.URLClassLoader::findClass@19 (line 336)
                      ; - java.lang.ClassLoader::loadClass@69 (line 557)
  0x000001cf07d07c44: 18dc 94ff 

  0x000001cf07d07c48: ;   {post_call_nop}
  0x000001cf07d07c48: 0f1f 8400 | 0000 0000 | bae4 ffff | ff44 8b5c | 2438 4489 | 5c24 284c | 8b54 2440 | 4c89 5424 
  0x000001cf07d07c68: 384c 8b54 | 2448 4c89 | 5424 404c | 8b54 2460 | 4c89 5424 | 4844 8b5c | 2468 4489 | 5c24 2c44 
  0x000001cf07d07c88: 8b54 246c | 4489 5424 | 6844 8b9c | 249c 0000 | 0044 895c | 246c 448b | 9424 a000 | 0000 4489 
  0x000001cf07d07ca8: 9424 9c00 | 0000 4489 | 8424 a000 | 0000 6690 

  0x000001cf07d07cb8: ;   {runtime_call UncommonTrapBlob}
  0x000001cf07d07cb8: c5f8 77e8 

  0x000001cf07d07cbc: ; ImmutableOopMap {[44]=NarrowOop [72]=Oop [88]=Oop [112]=Oop [120]=Oop [128]=Oop [136]=Oop [144]=Oop [160]=NarrowOop [184]=Oop }
                      ;*invokestatic checkIndex {reexecute=0 rethrow=0 return_oop=0}
                      ; - java.lang.String::checkIndex@5 (line 4917)
                      ; - java.lang.StringLatin1::charAt@3 (line 46)
                      ; - java.lang.String::charAt@12 (line 1616)
                      ; - java.io.WinNTFileSystem::prefixLength@53 (line 252)
                      ; - java.io.File::<init>@104 (line 378)
                      ; - jdk.internal.loader.URLClassPath$FileLoader::getResource@109 (line 950)
                      ; - jdk.internal.loader.URLClassPath::getResource@50 (line 332)
                      ; - java.net.URLClassLoader::findClass@19 (line 336)
                      ; - java.lang.ClassLoader::loadClass@69 (line 557)
  0x000001cf07d07cbc: a0db 94ff 

  0x000001cf07d07cc0: ;   {post_call_nop}
  0x000001cf07d07cc0: 0f1f 8400 | 0000 0000 | bae4 ffff | ff44 8b5c | 2438 4489 | 5c24 284c | 8b54 2440 | 4c89 5424 
  0x000001cf07d07ce0: 384c 8b54 | 2448 4c89 | 5424 404c | 8b54 2460 | 4c89 5424 | 4844 8b5c | 2468 4489 | 5c24 2c44 
  0x000001cf07d07d00: 8b54 246c | 4489 5424 | 6844 8984 | 2498 0000 | 0066 6690 

  0x000001cf07d07d14: ;   {runtime_call UncommonTrapBlob}
  0x000001cf07d07d14: c5f8 77e8 

  0x000001cf07d07d18: ; ImmutableOopMap {[44]=NarrowOop [72]=Oop [88]=Oop [112]=Oop [120]=Oop [128]=Oop [144]=Oop [152]=NarrowOop [184]=Oop }
                      ;*invokestatic checkIndex {reexecute=0 rethrow=0 return_oop=0}
                      ; - java.lang.String::checkIndex@5 (line 4917)
                      ; - java.lang.StringLatin1::charAt@3 (line 46)
                      ; - java.lang.String::charAt@12 (line 1616)
                      ; - java.io.WinNTFileSystem::prefixLength@101 (line 258)
                      ; - java.io.File::<init>@104 (line 378)
                      ; - jdk.internal.loader.URLClassPath$FileLoader::getResource@109 (line 950)
                      ; - jdk.internal.loader.URLClassPath::getResource@50 (line 332)
                      ; - java.net.URLClassLoader::findClass@19 (line 336)
                      ; - java.lang.ClassLoader::loadClass@69 (line 557)
  0x000001cf07d07d18: 44db 94ff 

  0x000001cf07d07d1c: ;   {post_call_nop}
  0x000001cf07d07d1c: 0f1f 8400 | 0000 0000 | ba76 ffff | ff44 8b5c | 2438 4489 | 5c24 204c | 8b54 2440 | 4c89 5424 
  0x000001cf07d07d3c: 304c 8b54 | 2448 4c89 | 5424 384c | 8b54 2460 | 4c89 5424 | 404c 8b54 | 2458 4c89 | 5424 5044 
  0x000001cf07d07d5c: 8b5c 2468 | 4489 5c24 | 2444 8b54 | 246c 4489 | 5424 604c | 8b54 2470 | 4c89 5424 | 684c 8b54 
  0x000001cf07d07d7c: 2478 4c89 | 5424 704c | 8b94 2480 | 0000 004c | 8954 2478 | 448b 9c24 | 8800 0000 | 4489 5c24 
  0x000001cf07d07d9c: 6448 8984 | 2488 0000 | 0044 8984 | 2498 0000 | 0066 6690 

  0x000001cf07d07db0: ;   {runtime_call UncommonTrapBlob}
  0x000001cf07d07db0: c5f8 77e8 

  0x000001cf07d07db4: ; ImmutableOopMap {[36]=NarrowOop [64]=Oop [80]=Oop [100]=NarrowOop [104]=Oop [112]=Oop [120]=Oop [136]=Oop [144]=Oop [152]=NarrowOop [184]=Oop }
                      ;*if_icmpge {reexecute=1 rethrow=0 return_oop=0}
                      ; - (reexecute) jdk.internal.util.ArraysSupport::mismatch@74 (line 563)
                      ; - java.lang.String::startsWith@70 (line 2373)
                      ; - java.lang.String::startsWith@3 (line 2403)
                      ; - java.io.WinNTFileSystem::stripLongOrUNCPrefix@3 (line 67)
                      ; - java.io.WinNTFileSystem::normalize@1 (line 120)
                      ; - java.io.File::<init>@73 (line 373)
                      ; - jdk.internal.loader.URLClassPath$FileLoader::getResource@109 (line 950)
                      ; - jdk.internal.loader.URLClassPath::getResource@50 (line 332)
                      ; - java.net.URLClassLoader::findClass@19 (line 336)
                      ; - java.lang.ClassLoader::loadClass@69 (line 557)
  0x000001cf07d07db4: a8da 94ff 

  0x000001cf07d07db8: ;   {post_call_nop}
  0x000001cf07d07db8: 0f1f 8400 | 0000 0000 | bae4 ffff | ff44 8b54 | 2438 4489 | 5424 204c | 8b54 2440 | 4c89 5424 
  0x000001cf07d07dd8: 304c 8b54 | 2448 4c89 | 5424 384c | 8b54 2460 | 4c89 5424 | 404c 8b54 | 2458 4c89 | 5424 5044 
  0x000001cf07d07df8: 8b5c 2468 | 4489 5c24 | 2444 8b54 | 246c 4489 | 5424 604c | 8b54 2470 | 4c89 5424 | 684c 8b54 
  0x000001cf07d07e18: 2478 4c89 | 5424 704c | 8b94 2480 | 0000 004c | 8954 2478 | 448b 9c24 | 8800 0000 | 4489 5c24 
  0x000001cf07d07e38: 6448 8984 | 2488 0000 | 0044 898c | 249c 0000 | 0066 6690 

  0x000001cf07d07e4c: ;   {runtime_call UncommonTrapBlob}
  0x000001cf07d07e4c: c5f8 77e8 

  0x000001cf07d07e50: ; ImmutableOopMap {[36]=NarrowOop [64]=Oop [80]=Oop [100]=NarrowOop [104]=Oop [112]=Oop [120]=Oop [136]=Oop [144]=Oop [156]=NarrowOop [184]=Oop }
                      ;*baload {reexecute=0 rethrow=0 return_oop=0}
                      ; - jdk.internal.util.ArraysSupport::mismatch@82 (line 564)
                      ; - java.lang.String::startsWith@70 (line 2373)
                      ; - java.lang.String::startsWith@3 (line 2403)
                      ; - java.io.WinNTFileSystem::stripLongOrUNCPrefix@3 (line 67)
                      ; - java.io.WinNTFileSystem::normalize@1 (line 120)
                      ; - java.io.File::<init>@73 (line 373)
                      ; - jdk.internal.loader.URLClassPath$FileLoader::getResource@64 (line 943)
                      ; - jdk.internal.loader.URLClassPath::getResource@50 (line 332)
                      ; - java.net.URLClassLoader::findClass@19 (line 336)
                      ; - java.lang.ClassLoader::loadClass@69 (line 557)
  0x000001cf07d07e50: 0cda 94ff 

  0x000001cf07d07e54: ;   {post_call_nop}
  0x000001cf07d07e54: 0f1f 8400 | 0000 0000 | ba4d ffff | ff44 8b5c | 2438 4489 | 5c24 204c | 8b54 2440 | 4c89 5424 
  0x000001cf07d07e74: 304c 8b54 | 2448 4c89 | 5424 384c | 8b54 2460 | 4c89 5424 | 404c 8b54 | 2458 4c89 | 5424 5044 
  0x000001cf07d07e94: 8b5c 2468 | 4489 5c24 | 2444 8b54 | 246c 4489 | 5424 604c | 8b54 2470 | 4c89 5424 | 684c 8b54 
  0x000001cf07d07eb4: 2478 4c89 | 5424 704c | 8b94 2480 | 0000 004c | 8954 2478 | 4c8b 9424 | 9000 0000 | 4c89 9424 
  0x000001cf07d07ed4: 8800 0000 

  0x000001cf07d07ed8: ;   {runtime_call UncommonTrapBlob}
  0x000001cf07d07ed8: c5f8 77e8 

  0x000001cf07d07edc: ; ImmutableOopMap {[36]=NarrowOop [64]=Oop [80]=Oop [104]=Oop [112]=Oop [120]=Oop [136]=Oop [144]=Oop [184]=Oop }
                      ;*if_icmple {reexecute=1 rethrow=0 return_oop=0}
                      ; - (reexecute) java.io.WinNTFileSystem::prefixLength@96 (line 258)
                      ; - java.io.File::<init>@104 (line 378)
                      ; - jdk.internal.loader.URLClassPath$FileLoader::getResource@109 (line 950)
                      ; - jdk.internal.loader.URLClassPath::getResource@50 (line 332)
                      ; - java.net.URLClassLoader::findClass@19 (line 336)
                      ; - java.lang.ClassLoader::loadClass@69 (line 557)
  0x000001cf07d07edc: 80d9 94ff 

  0x000001cf07d07ee0: ;   {post_call_nop}
  0x000001cf07d07ee0: 0f1f 8400 | 0000 0000 | ba4d ffff | ff44 8b54 | 2438 4489 | 5424 204c | 8b54 2440 | 4c89 5424 
  0x000001cf07d07f00: 304c 8b54 | 2448 4c89 | 5424 384c | 8b54 2460 | 4c89 5424 | 404c 8b54 | 2458 4c89 | 5424 5044 
  0x000001cf07d07f20: 8b5c 2468 | 4489 5c24 | 2444 8b54 | 246c 4489 | 5424 604c | 8b54 2470 | 4c89 5424 | 684c 8b54 
  0x000001cf07d07f40: 2478 4c89 | 5424 704c | 8b94 2480 | 0000 004c | 8954 2478 | 4c8b 9424 | 9000 0000 | 4c89 9424 
  0x000001cf07d07f60: 8800 0000 | 4489 4c24 | 6466 6690 

  0x000001cf07d07f6c: ;   {runtime_call UncommonTrapBlob}
  0x000001cf07d07f6c: c5f8 77e8 

  0x000001cf07d07f70: ; ImmutableOopMap {[36]=NarrowOop [64]=Oop [80]=Oop [104]=Oop [112]=Oop [120]=Oop [136]=Oop [184]=Oop }
                      ;*if_icmpne {reexecute=1 rethrow=0 return_oop=0}
                      ; - (reexecute) java.io.WinNTFileSystem::prefixLength@105 (line 258)
                      ; - java.io.File::<init>@104 (line 378)
                      ; - jdk.internal.loader.URLClassPath$FileLoader::getResource@109 (line 950)
                      ; - jdk.internal.loader.URLClassPath::getResource@50 (line 332)
                      ; - java.net.URLClassLoader::findClass@19 (line 336)
                      ; - java.lang.ClassLoader::loadClass@69 (line 557)
  0x000001cf07d07f70: ecd8 94ff 

  0x000001cf07d07f74: ;   {post_call_nop}
  0x000001cf07d07f74: 0f1f 8400 | 0000 0000 | ba4d ffff | ff44 8b44 | 2438 4489 | 4424 204c | 8b5c 2440 | 4c89 5c24 
  0x000001cf07d07f94: 304c 8b5c | 2448 4c89 | 5c24 384c | 8b5c 2460 | 4c89 5c24 | 404c 8b5c | 2478 4c89 | 5c24 684c 
  0x000001cf07d07fb4: 8b9c 2488 | 0000 004c | 895c 2470 | 4c89 4c24 | 7844 8994 | 2488 0000 | 0066 6690 

  0x000001cf07d07fd0: ;   {runtime_call UncommonTrapBlob}
  0x000001cf07d07fd0: c5f8 77e8 

  0x000001cf07d07fd4: ; ImmutableOopMap {[64]=Oop [112]=Oop [120]=Oop [128]=Oop [152]=Oop [160]=Oop [168]=NarrowOop [184]=Oop }
                      ;*if_icmpne {reexecute=1 rethrow=0 return_oop=0}
                      ; - (reexecute) jdk.internal.loader.Resource::getBytes@16 (line 92)
                      ; - java.net.URLClassLoader::defineClass@179 (line 421)
                      ; - java.net.URLClassLoader::findClass@30 (line 339)
                      ; - java.lang.ClassLoader::loadClass@69 (line 557)
  0x000001cf07d07fd4: 88d8 94ff 

  0x000001cf07d07fd8: ;   {post_call_nop}
  0x000001cf07d07fd8: 0f1f 8400 | 0000 0000 | ba4d ffff | ff44 8b5c | 2438 4489 | 5c24 204c | 8b54 2440 | 4c89 5424 
  0x000001cf07d07ff8: 304c 8b54 | 2448 4c89 | 5424 384c | 8b54 2460 | 4c89 5424 | 404c 8b54 | 2458 4c89 | 5424 5044 
  0x000001cf07d08018: 8b5c 2468 | 4489 5c24 | 2444 8b54 | 246c 4489 | 5424 604c | 8b54 2470 | 4c89 5424 | 684c 8b54 
  0x000001cf07d08038: 2478 4c89 | 5424 704c | 8b94 2480 | 0000 004c | 8954 2478 | 4c8b 9424 | 9000 0000 | 4c89 9424 
  0x000001cf07d08058: 8800 0000 

  0x000001cf07d0805c: ;   {runtime_call UncommonTrapBlob}
  0x000001cf07d0805c: c5f8 77e8 

  0x000001cf07d08060: ; ImmutableOopMap {[36]=NarrowOop [64]=Oop [80]=Oop [104]=Oop [112]=Oop [120]=Oop [136]=Oop [144]=Oop [184]=Oop }
                      ;*ifne {reexecute=1 rethrow=0 return_oop=0}
                      ; - (reexecute) java.io.WinNTFileSystem::prefixLength@34 (line 250)
                      ; - java.io.File::<init>@104 (line 378)
                      ; - jdk.internal.loader.URLClassPath$FileLoader::getResource@109 (line 950)
                      ; - jdk.internal.loader.URLClassPath::getResource@50 (line 332)
                      ; - java.net.URLClassLoader::findClass@19 (line 336)
                      ; - java.lang.ClassLoader::loadClass@69 (line 557)
  0x000001cf07d08060: fcd7 94ff 

  0x000001cf07d08064: ;   {post_call_nop}
  0x000001cf07d08064: 0f1f 8400 | 0000 0000 | ba4d ffff | ff44 8b54 | 2438 4489 | 5424 204c | 8b54 2440 | 4c89 5424 
  0x000001cf07d08084: 304c 8b54 | 2448 4c89 | 5424 384c | 8b54 2460 | 4c89 5424 | 404c 8b54 | 2458 4c89 | 5424 5044 
  0x000001cf07d080a4: 8b54 2468 | 4489 5424 | 244c 8b54 | 2470 448b | 5c24 6c44 | 895c 2460 | 4c89 5424 | 684c 8b54 
  0x000001cf07d080c4: 2478 4c89 | 5424 704c | 8b94 2480 | 0000 004c | 8954 2478 | 4c8b 9424 | 9000 0000 | 4c89 9424 
  0x000001cf07d080e4: 8800 0000 | 448b 9424 | 9c00 0000 | 4489 8c24 | 9000 0000 | 4489 9424 | 9800 0000 

  0x000001cf07d08100: ;   {runtime_call UncommonTrapBlob}
  0x000001cf07d08100: c5f8 77e8 

  0x000001cf07d08104: ; ImmutableOopMap {[36]=NarrowOop [64]=Oop [80]=Oop [104]=Oop [112]=Oop [120]=Oop [136]=Oop [184]=Oop }
                      ;*if_icmpne {reexecute=1 rethrow=0 return_oop=0}
                      ; - (reexecute) java.io.WinNTFileSystem::prefixLength@65 (line 253)
                      ; - java.io.File::<init>@104 (line 378)
                      ; - jdk.internal.loader.URLClassPath$FileLoader::getResource@109 (line 950)
                      ; - jdk.internal.loader.URLClassPath::getResource@50 (line 332)
                      ; - java.net.URLClassLoader::findClass@19 (line 336)
                      ; - java.lang.ClassLoader::loadClass@69 (line 557)
  0x000001cf07d08104: 58d7 94ff 

  0x000001cf07d08108: ;   {post_call_nop}
  0x000001cf07d08108: 0f1f 8400 | 0000 0000 | ba4d ffff | ff44 8b54 | 2438 4489 | 5424 284c | 8b54 2440 | 4c89 5424 
  0x000001cf07d08128: 384c 8b54 | 2448 4c89 | 5424 404c | 8b54 2460 | 4c89 5424 | 4844 8b54 | 2468 4489 | 5424 2c44 
  0x000001cf07d08148: 8b5c 246c | 4489 5c24 | 6844 8b94 | 2488 0000 | 0044 8954 | 246c 4889 | 8424 8800 | 0000 4489 
  0x000001cf07d08168: 8424 9800 | 0000 6690 

  0x000001cf07d08170: ;   {runtime_call UncommonTrapBlob}
  0x000001cf07d08170: c5f8 77e8 

  0x000001cf07d08174: ; ImmutableOopMap {[44]=NarrowOop [72]=Oop [88]=Oop [108]=NarrowOop [112]=Oop [120]=Oop [128]=Oop [136]=Oop [144]=Oop [152]=NarrowOop [184]=Oop }
                      ;*if_icmpne {reexecute=1 rethrow=0 return_oop=0}
                      ; - (reexecute) java.lang.String::startsWith@50 (line 2369)
                      ; - java.lang.String::startsWith@3 (line 2403)
                      ; - java.io.WinNTFileSystem::stripLongOrUNCPrefix@3 (line 67)
                      ; - java.io.WinNTFileSystem::normalize@1 (line 120)
                      ; - java.io.File::<init>@73 (line 373)
                      ; - jdk.internal.loader.URLClassPath$FileLoader::getResource@109 (line 950)
                      ; - jdk.internal.loader.URLClassPath::getResource@50 (line 332)
                      ; - java.net.URLClassLoader::findClass@19 (line 336)
                      ; - java.lang.ClassLoader::loadClass@69 (line 557)
  0x000001cf07d08174: e8d6 94ff 

  0x000001cf07d08178: ;   {post_call_nop}
  0x000001cf07d08178: 0f1f 8400 | 0000 0000 | 488b ebba | 9dff ffff | 448b 5c24 | 3844 895c | 2428 4c8b | 5424 404c 
  0x000001cf07d08198: 8954 2438 | 4c8b 5424 | 484c 8954 | 2440 6690 

  0x000001cf07d081a8: ;   {runtime_call UncommonTrapBlob}
  0x000001cf07d081a8: c5f8 77e8 

  0x000001cf07d081ac: ; ImmutableOopMap {rbp=Oop [96]=Oop [152]=Oop [184]=Oop }
                      ;*astore {reexecute=0 rethrow=0 return_oop=0}
                      ; - java.net.URLClassLoader::findClass@34 (line 340)
                      ; - java.lang.ClassLoader::loadClass@69 (line 557)
  0x000001cf07d081ac: b0d6 94ff 

  0x000001cf07d081b0: ;   {post_call_nop}
  0x000001cf07d081b0: 0f1f 8400 | 0000 0000 | ba4d ffff | ff44 8b54 | 2438 4489 | 5424 204c | 8b54 2440 | 4c89 5424 
  0x000001cf07d081d0: 304c 8b54 | 2448 4c89 | 5424 384c | 8b54 2460 | 4c89 5424 | 404c 8b54 | 2458 4c89 | 5424 5044 
  0x000001cf07d081f0: 8b54 2468 | 4489 5424 | 244c 8b54 | 2470 448b | 5c24 6c44 | 895c 2460 | 4c89 5424 | 684c 8b54 
  0x000001cf07d08210: 2478 4c89 | 5424 704c | 8b94 2480 | 0000 004c | 8954 2478 | 448b 9424 | 8800 0000 | 4489 5424 
  0x000001cf07d08230: 6466 6690 

  0x000001cf07d08234: ;   {runtime_call UncommonTrapBlob}
  0x000001cf07d08234: c5f8 77e8 

  0x000001cf07d08238: ; ImmutableOopMap {[36]=NarrowOop [64]=Oop [80]=Oop [100]=NarrowOop [104]=Oop [112]=Oop [120]=Oop [144]=Oop [152]=Oop [184]=Oop }
                      ;*if_icmpne {reexecute=1 rethrow=0 return_oop=0}
                      ; - (reexecute) java.io.WinNTFileSystem::normalize@54 (line 128)
                      ; - java.io.File::<init>@73 (line 373)
                      ; - jdk.internal.loader.URLClassPath$FileLoader::getResource@64 (line 943)
                      ; - jdk.internal.loader.URLClassPath::getResource@50 (line 332)
                      ; - java.net.URLClassLoader::findClass@19 (line 336)
                      ; - java.lang.ClassLoader::loadClass@69 (line 557)
  0x000001cf07d08238: 24d6 94ff 

  0x000001cf07d0823c: ;   {post_call_nop}
  0x000001cf07d0823c: 0f1f 8400 | 0000 0000 | bae4 ffff | ff44 8b54 | 2438 4489 | 5424 204c | 8b54 2440 | 4c89 5424 
  0x000001cf07d0825c: 304c 8b54 | 2448 4c89 | 5424 384c | 8b54 2460 | 4c89 5424 | 404c 8b54 | 2458 4c89 | 5424 5044 
  0x000001cf07d0827c: 8b54 2468 | 4489 5424 | 244c 8b54 | 2470 448b | 5c24 6c44 | 895c 2460 | 4c89 5424 | 684c 8b54 
  0x000001cf07d0829c: 2478 4c89 | 5424 704c | 8b94 2480 | 0000 004c | 8954 2478 | 448b 9424 | 8800 0000 | 4489 5424 
  0x000001cf07d082bc: 6448 8984 | 2488 0000 | 0044 8984 | 249c 0000 | 0066 6690 

  0x000001cf07d082d0: ;   {runtime_call UncommonTrapBlob}
  0x000001cf07d082d0: c5f8 77e8 

  0x000001cf07d082d4: ; ImmutableOopMap {[36]=NarrowOop [64]=Oop [80]=Oop [100]=NarrowOop [104]=Oop [112]=Oop [120]=Oop [136]=Oop [144]=Oop [156]=NarrowOop [184]=Oop }
                      ;*baload {reexecute=0 rethrow=0 return_oop=0}
                      ; - jdk.internal.util.ArraysSupport::mismatch@82 (line 564)
                      ; - java.lang.String::startsWith@70 (line 2373)
                      ; - java.lang.String::startsWith@3 (line 2403)
                      ; - java.io.WinNTFileSystem::stripLongOrUNCPrefix@3 (line 67)
                      ; - java.io.WinNTFileSystem::normalize@1 (line 120)
                      ; - java.io.File::<init>@73 (line 373)
                      ; - jdk.internal.loader.URLClassPath$FileLoader::getResource@109 (line 950)
                      ; - jdk.internal.loader.URLClassPath::getResource@50 (line 332)
                      ; - java.net.URLClassLoader::findClass@19 (line 336)
                      ; - java.lang.ClassLoader::loadClass@69 (line 557)
  0x000001cf07d082d4: 88d5 94ff 

  0x000001cf07d082d8: ;   {post_call_nop}
  0x000001cf07d082d8: 0f1f 8400 | 0000 0000 | ba4d ffff | ff44 8b54 | 2438 4489 | 5424 204c | 8b54 2440 | 4c89 5424 
  0x000001cf07d082f8: 304c 8b54 | 2448 4c89 | 5424 384c | 8b54 2460 | 4c89 5424 | 404c 8b54 | 2458 4c89 | 5424 5044 
  0x000001cf07d08318: 8b5c 2468 | 4489 5c24 | 2444 8b54 | 246c 4489 | 5424 604c | 8b54 2470 | 4c89 5424 | 684c 8b54 
  0x000001cf07d08338: 2478 4c89 | 5424 704c | 8b94 2480 | 0000 004c | 8954 2478 | 448b 9c24 | 8800 0000 | 4489 5c24 
  0x000001cf07d08358: 6466 6690 

  0x000001cf07d0835c: ;   {runtime_call UncommonTrapBlob}
  0x000001cf07d0835c: c5f8 77e8 

  0x000001cf07d08360: ; ImmutableOopMap {[36]=NarrowOop [64]=Oop [80]=Oop [100]=NarrowOop [104]=Oop [112]=Oop [120]=Oop [144]=Oop [152]=Oop [184]=Oop }
                      ;*if_icmpne {reexecute=1 rethrow=0 return_oop=0}
                      ; - (reexecute) java.io.WinNTFileSystem::normalize@54 (line 128)
                      ; - java.io.File::<init>@73 (line 373)
                      ; - jdk.internal.loader.URLClassPath$FileLoader::getResource@109 (line 950)
                      ; - jdk.internal.loader.URLClassPath::getResource@50 (line 332)
                      ; - java.net.URLClassLoader::findClass@19 (line 336)
                      ; - java.lang.ClassLoader::loadClass@69 (line 557)
  0x000001cf07d08360: fcd4 94ff 

  0x000001cf07d08364: ;   {post_call_nop}
  0x000001cf07d08364: 0f1f 8400 | 0000 0000 | 488b e8ba | 9dff ffff | 448b 5424 | 3844 8954 | 2428 4c8b | 5424 404c 
  0x000001cf07d08384: 8954 2438 | 4c8b 5424 | 484c 8954 | 2440 4c8b | 5424 604c | 8954 2448 | 448b 9c24 | 8000 0000 
  0x000001cf07d083a4: 4489 5c24 | 2c66 6690 

  0x000001cf07d083ac: ;   {runtime_call UncommonTrapBlob}
  0x000001cf07d083ac: c5f8 77e8 

  0x000001cf07d083b0: ; ImmutableOopMap {rbp=Oop [44]=NarrowOop [72]=Oop [88]=Oop [104]=Oop [136]=Oop [144]=NarrowOop [184]=Oop [248]=Oop }
                      ;*astore_1 {reexecute=0 rethrow=0 return_oop=0}
                      ; - java.util.jar.JarFile::ensureInitialization@7 (line 1043)
                      ; - java.util.jar.JavaUtilJarAccessImpl::ensureInitialization@1 (line 42)
                      ; - jdk.internal.loader.URLClassPath$JarLoader$1::getManifest@10 (line 720)
                      ; - java.net.URLClassLoader::defineClass@34 (line 393)
                      ; - java.net.URLClassLoader::findClass@30 (line 339)
                      ; - java.lang.ClassLoader::loadClass@69 (line 557)
  0x000001cf07d083b0: acd4 94ff 

  0x000001cf07d083b4: ;   {post_call_nop}
  0x000001cf07d083b4: 0f1f 8400 | 0000 0000 | 8944 2424 | 896c 2420 | 488b ac24 | c800 0000 | e99b f6ff | ff44 8944 
  0x000001cf07d083d4: 2428 4889 | 5424 20e9 | c2f6 ffff | bade ffff | ff44 8b5c | 2438 4489 | 5c24 284c | 8b54 2440 
  0x000001cf07d083f4: 4c89 5424 | 384c 8b54 | 2448 4c89 | 5424 404c | 8b54 2460 | 4c89 5424 | 4848 ffb4 | 24a0 0000 
  0x000001cf07d08414: 0048 8f44 | 2458 48ff | b424 b800 | 0000 488f | 4424 6048 | ffb4 2498 | 0000 0048 | 8f44 2468 
  0x000001cf07d08434: 48ff b424 | 8800 0000 | 488f 4424 | 7048 ffb4 | 24b8 0000 | 0048 8f84 | 2490 0000 | 0048 ffb4 
  0x000001cf07d08454: 24b0 0000 | 0048 8f84 | 24a0 0000 | 0066 6690 

  0x000001cf07d08464: ;   {runtime_call UncommonTrapBlob}
  0x000001cf07d08464: c5f8 77e8 

  0x000001cf07d08468: ; ImmutableOopMap {rbp=NarrowOop [72]=Oop [88]=Oop [96]=Oop [104]=Oop [112]=Oop [144]=Oop [160]=Oop [168]=NarrowOop [248]=Oop }
                      ;*checkcast {reexecute=0 rethrow=0 return_oop=0}
                      ; - java.lang.ClassLoader::getDefinedPackage@16 (line 2092)
                      ; - java.net.URLClassLoader::getAndVerifyPackage@2 (line 359)
                      ; - java.net.URLClassLoader::defineClass@46 (line 394)
                      ; - java.net.URLClassLoader::findClass@30 (line 339)
                      ; - java.lang.ClassLoader::loadClass@69 (line 557)
  0x000001cf07d08468: f4d3 94ff 

  0x000001cf07d0846c: ;   {post_call_nop}
  0x000001cf07d0846c: 0f1f 8400 | 0000 0000 | bade ffff | ff44 8b44 | 2438 4489 | 4424 204c | 8b5c 2440 | 4c89 5c24 
  0x000001cf07d0848c: 304c 8b5c | 2448 4c89 | 5c24 384c | 8b5c 2460 | 4c89 5c24 | 404c 8b9c | 24a0 0000 | 004c 895c 
  0x000001cf07d084ac: 2450 4c8b | 9c24 9800 | 0000 4c89 | 5c24 604c | 8b5c 2478 | 4c89 5c24 | 7048 8984 | 24a8 0000 
  0x000001cf07d084cc: 0066 6690 

  0x000001cf07d084d0: ;   {runtime_call UncommonTrapBlob}
  0x000001cf07d084d0: c5f8 77e8 

  0x000001cf07d084d4: ; ImmutableOopMap {[36]=NarrowOop [64]=Oop [80]=Oop [96]=Oop [104]=Oop [128]=Oop [168]=Oop [184]=Oop [248]=Oop }
                      ;*checkcast {reexecute=0 rethrow=0 return_oop=0}
                      ; - java.lang.ClassLoader::definePackage@81 (line 1959)
                      ; - java.lang.ClassLoader::getDefinedPackage@32 (line 2096)
                      ; - java.net.URLClassLoader::getAndVerifyPackage@2 (line 359)
                      ; - java.net.URLClassLoader::defineClass@46 (line 394)
                      ; - java.net.URLClassLoader::findClass@30 (line 339)
                      ; - java.lang.ClassLoader::loadClass@69 (line 557)
  0x000001cf07d084d4: 88d3 94ff 

  0x000001cf07d084d8: ;   {post_call_nop}
  0x000001cf07d084d8: 0f1f 8400 | 0000 0000 | bade ffff | ff44 8b5c | 2438 4489 | 5c24 284c | 8b54 2440 | 4c89 5424 
  0x000001cf07d084f8: 384c 8b54 | 2448 4c89 | 5424 404c | 8b54 2460 | 4c89 5424 | 4848 ffb4 | 24a0 0000 | 0048 8f44 
  0x000001cf07d08518: 2458 48ff | b424 9800 | 0000 488f | 4424 6848 | ffb4 2488 | 0000 0048 | 8f44 2470 | 448b 9c24 
  0x000001cf07d08538: a800 0000 | 4489 5c24 | 2c4c 8b94 | 24b0 0000 | 0048 ffb4 | 24b0 0000 | 0048 8f84 | 24a0 0000 
  0x000001cf07d08558: 004c 8994 | 24a8 0000 | 004c 898c | 24b0 0000 | 0066 6690 

  0x000001cf07d0856c: ;   {runtime_call UncommonTrapBlob}
  0x000001cf07d0856c: c5f8 77e8 

  0x000001cf07d08570: ; ImmutableOopMap {rbp=NarrowOop [44]=NarrowOop [72]=Oop [88]=Oop [104]=Oop [112]=Oop [160]=Oop [168]=Oop [176]=Oop [184]=Oop [192]=Oop [248]=Oop }
                      ;*checkcast {reexecute=0 rethrow=0 return_oop=0}
                      ; - java.util.jar.Manifest::getAttributes@10 (line 164)
                      ; - java.util.jar.Manifest::getTrustedAttributes@2 (line 181)
                      ; - java.util.jar.JavaUtilJarAccessImpl::getTrustedAttributes@2 (line 38)
                      ; - java.net.URLClassLoader::isSealed@18 (line 501)
                      ; - java.net.URLClassLoader::getAndVerifyPackage@68 (line 371)
                      ; - java.net.URLClassLoader::defineClass@46 (line 394)
                      ; - java.net.URLClassLoader::findClass@30 (line 339)
                      ; - java.lang.ClassLoader::loadClass@69 (line 557)
  0x000001cf07d08570: ecd2 94ff 

  0x000001cf07d08574: ;   {post_call_nop}
  0x000001cf07d08574: 0f1f 8400 | 0000 0000 | bade ffff | ff44 8b5c | 2438 4489 | 5c24 284c | 8b54 2440 | 4c89 5424 
  0x000001cf07d08594: 384c 8b54 | 2448 4c89 | 5424 404c | 8b54 2460 | 4c89 5424 | 4848 ffb4 | 2498 0000 | 0048 8f44 
  0x000001cf07d085b4: 2468 48ff | b424 8800 | 0000 488f | 4424 7048 | 899c 2498 | 0000 0090 

  0x000001cf07d085cc: ;   {runtime_call UncommonTrapBlob}
  0x000001cf07d085cc: c5f8 77e8 

  0x000001cf07d085d0: ; ImmutableOopMap {rbp=NarrowOop [72]=Oop [104]=Oop [112]=Oop [152]=Oop [160]=Oop [168]=NarrowOop [176]=Oop [184]=Oop [248]=Oop }
                      ;*checkcast {reexecute=0 rethrow=0 return_oop=0}
                      ; - java.util.jar.Attributes::getValue@5 (line 142)
                      ; - java.net.URLClassLoader::isSealed@58 (line 508)
                      ; - java.net.URLClassLoader::getAndVerifyPackage@68 (line 371)
                      ; - java.net.URLClassLoader::defineClass@46 (line 394)
                      ; - java.net.URLClassLoader::findClass@30 (line 339)
                      ; - java.lang.ClassLoader::loadClass@69 (line 557)
  0x000001cf07d085d0: 8cd2 94ff 

  0x000001cf07d085d4: ;   {post_call_nop}
  0x000001cf07d085d4: 0f1f 8400 | 0000 0000 | bade ffff | ff44 8b5c | 2438 4489 | 5c24 204c | 8b54 2440 | 4c89 5424 
  0x000001cf07d085f4: 304c 8b54 | 2448 4c89 | 5424 384c | 8b54 2460 | 4c89 5424 | 404c 8b54 | 2458 4c89 | 5424 5044 
  0x000001cf07d08614: 8b5c 2468 | 4489 5c24 | 2444 8b54 | 246c 4489 | 5424 604c | 8b54 2478 | 4c89 5424 | 6848 8944 
  0x000001cf07d08634: 2478 6690 

  0x000001cf07d08638: ;   {runtime_call UncommonTrapBlob}
  0x000001cf07d08638: c5f8 77e8 

  0x000001cf07d0863c: ; ImmutableOopMap {[36]=NarrowOop [64]=Oop [80]=Oop [104]=Oop [112]=Oop [120]=Oop [184]=Oop }
                      ;*checkcast {reexecute=0 rethrow=0 return_oop=0}
                      ; - java.util.jar.JarFile::getJarEntry@5 (line 460)
                      ; - jdk.internal.loader.URLClassPath$JarLoader::getResource@22 (line 764)
                      ; - jdk.internal.loader.URLClassPath::getResource@50 (line 332)
                      ; - java.net.URLClassLoader::findClass@19 (line 336)
                      ; - java.lang.ClassLoader::loadClass@69 (line 557)
  0x000001cf07d0863c: 20d2 94ff 

  0x000001cf07d08640: ;   {post_call_nop}
  0x000001cf07d08640: 0f1f 8400 | 0000 0000 | bade ffff | ff44 8b54 | 2438 4489 | 5424 284c | 8b54 2440 | 4c89 5424 
  0x000001cf07d08660: 384c 8b54 | 2448 4c89 | 5424 404c | 8b54 2460 | 4c89 5424 | 4848 ffb4 | 2488 0000 | 0048 8f44 
  0x000001cf07d08680: 2470 4889 | 8c24 8800 | 0000 6690 

  0x000001cf07d0868c: ;   {runtime_call UncommonTrapBlob}
  0x000001cf07d0868c: c5f8 77e8 

  0x000001cf07d08690: ; ImmutableOopMap {rbp=NarrowOop [72]=Oop [112]=Oop [136]=Oop [152]=Oop [160]=Oop [168]=NarrowOop [184]=Oop [248]=Oop }
                      ;*checkcast {reexecute=0 rethrow=0 return_oop=0}
                      ; - java.util.jar.JarFile::getManifestFromReference@14 (line 397)
                      ; - java.util.jar.JarFile::getManifest@1 (line 393)
                      ; - jdk.internal.loader.URLClassPath$JarLoader$1::getManifest@22 (line 721)
                      ; - java.net.URLClassLoader::defineClass@34 (line 393)
                      ; - java.net.URLClassLoader::findClass@30 (line 339)
                      ; - java.lang.ClassLoader::loadClass@69 (line 557)
  0x000001cf07d08690: ccd1 94ff 

  0x000001cf07d08694: ;   {post_call_nop}
  0x000001cf07d08694: 0f1f 8400 | 0000 0000 | bade ffff | ff44 8b44 | 2438 4489 | 4424 284c | 8b5c 2440 | 4c89 5c24 
  0x000001cf07d086b4: 384c 8b5c | 2448 4c89 | 5c24 404c | 8b5c 2460 | 4c89 5c24 | 4848 ffb4 | 24a0 0000 | 0048 8f44 
  0x000001cf07d086d4: 2458 48ff | b424 b800 | 0000 488f | 4424 6048 | ffb4 2498 | 0000 0048 | 8f44 2468 | 48ff b424 
  0x000001cf07d086f4: 8800 0000 | 488f 4424 | 7048 ffb4 | 24b8 0000 | 0048 8f84 | 2490 0000 | 0048 ffb4 | 24b0 0000 
  0x000001cf07d08714: 0048 8f84 | 24a0 0000 | 0044 8994 | 24ac 0000 | 0066 6690 

  0x000001cf07d08728: ;   {runtime_call UncommonTrapBlob}
  0x000001cf07d08728: c5f8 77e8 

  0x000001cf07d0872c: ; ImmutableOopMap {rbp=NarrowOop [72]=Oop [88]=Oop [96]=Oop [104]=Oop [112]=Oop [144]=Oop [160]=Oop [168]=NarrowOop [172]=NarrowOop [248]=Oop }
                      ;*checkcast {reexecute=0 rethrow=0 return_oop=0}
                      ; - java.lang.ClassLoader::definePackage@50 (line 1955)
                      ; - java.lang.ClassLoader::getDefinedPackage@32 (line 2096)
                      ; - java.net.URLClassLoader::getAndVerifyPackage@2 (line 359)
                      ; - java.net.URLClassLoader::defineClass@46 (line 394)
                      ; - java.net.URLClassLoader::findClass@30 (line 339)
                      ; - java.lang.ClassLoader::loadClass@69 (line 557)
  0x000001cf07d0872c: 30d1 94ff 

  0x000001cf07d08730: ;   {post_call_nop}
  0x000001cf07d08730: 0f1f 8400 | 0000 0000 | 488b e8e9 | 486a ffff | 448b 5808 

  0x000001cf07d08744: ;   {metadata('java/lang/ClassNotFoundException')}
  0x000001cf07d08744: 4181 fb78 | 0d1c 000f | 8457 61ff | ff48 8be8 | e92f 6aff | ff48 8be8 | e927 6aff | ff48 8be8 
  0x000001cf07d08764: e91f 6aff | ff48 8be8 | e917 6aff | ff48 8be8 | e90f 6aff | ff48 8be8 | e907 6aff | ff48 8be8 
  0x000001cf07d08784: e9ff 69ff | ffba f6ff | ffff 488b | 6c24 5044 | 8b54 2438 | 4489 5424 | 2866 6690 

  0x000001cf07d087a0: ;   {runtime_call UncommonTrapBlob}
  0x000001cf07d087a0: c5f8 77e8 

  0x000001cf07d087a4: ; ImmutableOopMap {rbp=Oop [88]=Oop [96]=Oop }
                      ;*arraylength {reexecute=0 rethrow=0 return_oop=0}
                      ; - java.lang.String::isEmpty@4 (line 1593)
                      ; - java.lang.ClassLoader::checkName@5 (line 1089)
                      ; - java.lang.ClassLoader::findLoadedClass@1 (line 1232)
                      ; - java.lang.ClassLoader::loadClass@10 (line 539)
  0x000001cf07d087a4: b8d0 94ff 

  0x000001cf07d087a8: ;   {post_call_nop}
  0x000001cf07d087a8: 0f1f 8400 | 0000 0000 | baf6 ffff | ff48 8bac | 24b8 0000 | 0044 8b54 | 2438 4489 | 5424 204c 
  0x000001cf07d087c8: 8b54 2440 | 4c89 5424 | 3048 8944 | 2438 6690 

  0x000001cf07d087d8: ;   {runtime_call UncommonTrapBlob}
  0x000001cf07d087d8: c5f8 77e8 

  0x000001cf07d087dc: ; ImmutableOopMap {rbp=Oop [88]=Oop [96]=Oop }
                      ;*arraylength {reexecute=0 rethrow=0 return_oop=0}
                      ; - java.lang.StringLatin1::replace@8 (line 405)
                      ; - java.lang.String::replace@18 (line 3011)
                      ; - java.net.URLClassLoader::findClass@5 (line 335)
                      ; - java.lang.ClassLoader::loadClass@69 (line 557)
  0x000001cf07d087dc: 80d0 94ff 

  0x000001cf07d087e0: ;   {post_call_nop}
  0x000001cf07d087e0: 0f1f 8400 | 0000 0000 | baf6 ffff | ff44 8b54 | 2438 4489 | 5424 204c | 8b54 2440 | 4c89 5424 
  0x000001cf07d08800: 304c 8b54 | 2448 4c89 | 5424 3890 

  0x000001cf07d0880c: ;   {runtime_call UncommonTrapBlob}
  0x000001cf07d0880c: c5f8 77e8 

  0x000001cf07d08810: ; ImmutableOopMap {[88]=Oop [96]=Oop [184]=Oop }
                      ;*arraylength {reexecute=0 rethrow=0 return_oop=0}
                      ; - java.lang.String::length@4 (line 1580)
                      ; - java.lang.StringConcatHelper::doConcat@41 (line 435)
                      ; - java.lang.String::concat@11 (line 2977)
                      ; - java.net.URLClassLoader::findClass@10 (line 335)
                      ; - java.lang.ClassLoader::loadClass@69 (line 557)
  0x000001cf07d08810: 4cd0 94ff 

  0x000001cf07d08814: ;   {post_call_nop}
  0x000001cf07d08814: 0f1f 8400 | 0000 0000 | ba4d ffff | ff48 8b6c | 2450 48ff | 7424 5848 | 8f44 2420 | 448b 5424 
  0x000001cf07d08834: 3844 8954 | 2428 6690 

  0x000001cf07d0883c: ;   {runtime_call UncommonTrapBlob}
  0x000001cf07d0883c: c5f8 77e8 

  0x000001cf07d08840: ; ImmutableOopMap {rbp=Oop [32]=Oop [96]=Oop }
                      ;*ifnull {reexecute=1 rethrow=0 return_oop=0}
                      ; - (reexecute) java.lang.ClassLoader::checkName@1 (line 1089)
                      ; - java.lang.ClassLoader::findLoadedClass@1 (line 1232)
                      ; - java.lang.ClassLoader::loadClass@10 (line 539)
  0x000001cf07d08840: 1cd0 94ff 

  0x000001cf07d08844: ;   {post_call_nop}
  0x000001cf07d08844: 0f1f 8400 | 0000 0000 | baf6 ffff | ff44 8b54 | 2438 4489 | 5424 204c | 8b54 2440 | 4c89 5424 
  0x000001cf07d08864: 304c 8b54 | 2448 4c89 | 5424 384c | 8b54 2460 | 4c89 5424 | 4048 ff74 | 2458 488f | 4424 4890 
  0x000001cf07d08884: ;   {runtime_call UncommonTrapBlob}
  0x000001cf07d08884: c5f8 77e8 

  0x000001cf07d08888: ; ImmutableOopMap {[64]=Oop [72]=Oop [160]=Oop [184]=Oop }
                      ;*arraylength {reexecute=0 rethrow=0 return_oop=0}
                      ; - java.lang.String::length@4 (line 1580)
                      ; - java.lang.String::lastIndexOf@3 (line 2613)
                      ; - java.net.URLClassLoader::defineClass@7 (line 388)
                      ; - java.net.URLClassLoader::findClass@30 (line 339)
                      ; - java.lang.ClassLoader::loadClass@69 (line 557)
  0x000001cf07d08888: d4cf 94ff 

  0x000001cf07d0888c: ;   {post_call_nop}
  0x000001cf07d0888c: 0f1f 8400 | 0000 0000 | baf4 ffff | ff44 8b5c | 2438 4489 | 5c24 204c | 8b54 2440 | 4c89 5424 
  0x000001cf07d088ac: 304c 8b54 | 2448 4c89 | 5424 384c | 8b54 2460 | 4c89 5424 | 4066 6690 

  0x000001cf07d088c4: ;   {runtime_call UncommonTrapBlob}
  0x000001cf07d088c4: c5f8 77e8 

  0x000001cf07d088c8: ; ImmutableOopMap {[64]=Oop [152]=Oop [160]=Oop [168]=NarrowOop [184]=Oop }
                      ;*instanceof {reexecute=0 rethrow=0 return_oop=0}
                      ; - jdk.internal.loader.Resource::getByteBuffer@6 (line 134)
                      ; - java.net.URLClassLoader::defineClass@132 (line 413)
                      ; - java.net.URLClassLoader::findClass@30 (line 339)
                      ; - java.lang.ClassLoader::loadClass@69 (line 557)
  0x000001cf07d088c8: 94cf 94ff 

  0x000001cf07d088cc: ;   {post_call_nop}
  0x000001cf07d088cc: 0f1f 8400 | 0000 0000 | baf6 ffff | ff44 8b5c | 2438 4489 | 5c24 284c | 8b54 2440 | 4c89 5424 
  0x000001cf07d088ec: 384c 8b54 | 2448 4c89 | 5424 404c | 8b54 2460 | 4c89 5424 | 4866 6690 

  0x000001cf07d08904: ;   {runtime_call UncommonTrapBlob}
  0x000001cf07d08904: c5f8 77e8 

  0x000001cf07d08908: ; ImmutableOopMap {rbp=Oop [72]=Oop [152]=Oop [160]=Oop [184]=Oop }
                      ;*arraylength {reexecute=0 rethrow=0 return_oop=0}
                      ; - java.net.URLClassLoader::defineClass@217 (line 426)
                      ; - java.net.URLClassLoader::findClass@30 (line 339)
                      ; - java.lang.ClassLoader::loadClass@69 (line 557)
  0x000001cf07d08908: 54cf 94ff 

  0x000001cf07d0890c: ;   {post_call_nop}
  0x000001cf07d0890c: 0f1f 8400 | 0000 0000 | baf6 ffff | ff44 8b54 | 2438 4489 | 5424 204c | 8b54 2440 | 4c89 5424 
  0x000001cf07d0892c: 304c 8b54 | 2448 4c89 | 5424 384c | 8b54 2460 | 4c89 5424 | 404c 8b54 | 2478 4c89 | 5424 7090 
  0x000001cf07d0894c: ;   {runtime_call UncommonTrapBlob}
  0x000001cf07d0894c: c5f8 77e8 

  0x000001cf07d08950: ; ImmutableOopMap {[64]=Oop [136]=Oop [152]=Oop [160]=Oop [168]=NarrowOop [184]=Oop [248]=Oop }
                      ;*getfield jar {reexecute=1 rethrow=0 return_oop=0}
                      ; - (reexecute) jdk.internal.loader.URLClassPath$JarLoader$1::getManifest@7 (line 720)
                      ; - java.net.URLClassLoader::defineClass@34 (line 393)
                      ; - java.net.URLClassLoader::findClass@30 (line 339)
                      ; - java.lang.ClassLoader::loadClass@69 (line 557)
  0x000001cf07d08950: 0ccf 94ff 

  0x000001cf07d08954: ;   {post_call_nop}
  0x000001cf07d08954: 0f1f 8400 | 0000 0000 | baf6 ffff | ff44 8b54 | 2438 4489 | 5424 204c | 8b54 2440 | 4c89 5424 
  0x000001cf07d08974: 304c 8b54 | 2448 4c89 | 5424 384c | 8b54 2460 | 4c89 5424 | 404c 8b54 | 2478 4c89 | 5424 7090 
  0x000001cf07d08994: ;   {runtime_call UncommonTrapBlob}
  0x000001cf07d08994: c5f8 77e8 

  0x000001cf07d08998: ; ImmutableOopMap {[64]=Oop [136]=Oop [152]=Oop [160]=Oop [168]=NarrowOop [184]=Oop [248]=Oop }
                      ;*getfield jar {reexecute=1 rethrow=0 return_oop=0}
                      ; - (reexecute) jdk.internal.loader.URLClassPath$JarLoader$1::getManifest@19 (line 721)
                      ; - java.net.URLClassLoader::defineClass@34 (line 393)
                      ; - java.net.URLClassLoader::findClass@30 (line 339)
                      ; - java.lang.ClassLoader::loadClass@69 (line 557)
  0x000001cf07d08998: c4ce 94ff 

  0x000001cf07d0899c: ;   {post_call_nop}
  0x000001cf07d0899c: 0f1f 8400 | 0000 0000 | baf6 ffff | ff44 8b5c | 2438 4489 | 5c24 204c | 8b54 2440 | 4c89 5424 
  0x000001cf07d089bc: 304c 8b54 | 2448 4c89 | 5424 384c | 8b54 2460 | 4c89 5424 | 404c 8b54 | 2478 4c89 | 5424 7090 
  0x000001cf07d089dc: ;   {runtime_call UncommonTrapBlob}
  0x000001cf07d089dc: c5f8 77e8 

  0x000001cf07d089e0: ; ImmutableOopMap {[64]=Oop [136]=Oop [152]=Oop [160]=Oop [168]=NarrowOop [184]=Oop [248]=Oop }
                      ;*invokevirtual getManifest {reexecute=0 rethrow=0 return_oop=0}
                      ; - jdk.internal.loader.URLClassPath$JarLoader$1::getManifest@22 (line 721)
                      ; - java.net.URLClassLoader::defineClass@34 (line 393)
                      ; - java.net.URLClassLoader::findClass@30 (line 339)
                      ; - java.lang.ClassLoader::loadClass@69 (line 557)
  0x000001cf07d089e0: 7cce 94ff 

  0x000001cf07d089e4: ;   {post_call_nop}
  0x000001cf07d089e4: 0f1f 8400 | 0000 0000 | baf6 ffff | ff44 8b4c | 2438 4489 | 4c24 204c | 8b44 2440 | 4c89 4424 
  0x000001cf07d08a04: 304c 8b44 | 2448 4c89 | 4424 384c | 8b44 2460 | 4c89 4424 | 4044 895c | 2424 4c89 | 5424 7090 
  0x000001cf07d08a24: ;   {runtime_call UncommonTrapBlob}
  0x000001cf07d08a24: c5f8 77e8 

  0x000001cf07d08a28: ; ImmutableOopMap {[64]=Oop [112]=Oop [152]=Oop [160]=Oop [184]=Oop }
                      ;*getfield csu {reexecute=1 rethrow=0 return_oop=0}
                      ; - (reexecute) jdk.internal.loader.URLClassPath$JarLoader$1::getCodeSourceURL@4 (line 714)
                      ; - java.net.URLClassLoader::defineClass@13 (line 389)
                      ; - java.net.URLClassLoader::findClass@30 (line 339)
                      ; - java.lang.ClassLoader::loadClass@69 (line 557)
  0x000001cf07d08a28: 34ce 94ff 

  0x000001cf07d08a2c: ;   {post_call_nop}
  0x000001cf07d08a2c: 0f1f 8400 | 0000 0000 | baf6 ffff | ff44 8b54 | 2438 4489 | 5424 204c | 8b54 2440 | 4c89 5424 
  0x000001cf07d08a4c: 304c 8b54 | 2448 4c89 | 5424 384c | 8b54 2460 | 4c89 5424 | 404c 895c | 2470 6690 

  0x000001cf07d08a68: ;   {runtime_call UncommonTrapBlob}
  0x000001cf07d08a68: c5f8 77e8 

  0x000001cf07d08a6c: ; ImmutableOopMap {[64]=Oop [112]=Oop [152]=Oop [160]=Oop [168]=NarrowOop [184]=Oop }
                      ;*invokevirtual getCrc {reexecute=0 rethrow=0 return_oop=0}
                      ; - jdk.internal.loader.URLClassPath$JarLoader$1::getBytes@26 (line 733)
                      ; - java.net.URLClassLoader::defineClass@179 (line 421)
                      ; - java.net.URLClassLoader::findClass@30 (line 339)
                      ; - java.lang.ClassLoader::loadClass@69 (line 557)
  0x000001cf07d08a6c: f0cd 94ff 

  0x000001cf07d08a70: ;   {post_call_nop}
  0x000001cf07d08a70: 0f1f 8400 | 0000 0000 | baf6 ffff | ff44 8b5c | 2438 4489 | 5c24 204c | 8b54 2440 | 4c89 5424 
  0x000001cf07d08a90: 304c 8b54 | 2448 4c89 | 5424 384c | 8b54 2460 | 4c89 5424 | 404c 8b54 | 2478 4c89 | 5424 7090 
  0x000001cf07d08ab0: ;   {runtime_call UncommonTrapBlob}
  0x000001cf07d08ab0: c5f8 77e8 

  0x000001cf07d08ab4: ; ImmutableOopMap {[64]=Oop [136]=Oop [152]=Oop [160]=Oop [168]=NarrowOop [176]=Oop [184]=Oop [248]=Oop }
                      ;*arraylength {reexecute=0 rethrow=0 return_oop=0}
                      ; - java.lang.String::isEmpty@4 (line 1593)
                      ; - java.lang.ClassLoader::definePackage@1 (line 1950)
                      ; - java.lang.ClassLoader::getDefinedPackage@32 (line 2096)
                      ; - java.net.URLClassLoader::getAndVerifyPackage@2 (line 359)
                      ; - java.net.URLClassLoader::defineClass@46 (line 394)
                      ; - java.net.URLClassLoader::findClass@30 (line 339)
                      ; - java.lang.ClassLoader::loadClass@69 (line 557)
  0x000001cf07d08ab4: a8cd 94ff 

  0x000001cf07d08ab8: ;   {post_call_nop}
  0x000001cf07d08ab8: 0f1f 8400 | 0000 0000 | baf6 ffff | ff44 8b54 | 2438 4489 | 5424 204c | 8b54 2440 | 4c89 5424 
  0x000001cf07d08ad8: 304c 8b54 | 2448 4c89 | 5424 384c | 8b54 2460 | 4c89 5424 | 404c 8b54 | 2478 4c89 | 5424 7090 
  0x000001cf07d08af8: ;   {runtime_call UncommonTrapBlob}
  0x000001cf07d08af8: c5f8 77e8 

  0x000001cf07d08afc: ; ImmutableOopMap {[64]=Oop [136]=Oop [152]=Oop [160]=Oop [168]=NarrowOop [176]=Oop [184]=Oop [248]=Oop }
                      ;*invokevirtual isNamed {reexecute=0 rethrow=0 return_oop=0}
                      ; - java.lang.Package::isSealed@4 (line 230)
                      ; - java.net.URLClassLoader::getAndVerifyPackage@14 (line 362)
                      ; - java.net.URLClassLoader::defineClass@46 (line 394)
                      ; - java.net.URLClassLoader::findClass@30 (line 339)
                      ; - java.lang.ClassLoader::loadClass@69 (line 557)
  0x000001cf07d08afc: 60cd 94ff 

  0x000001cf07d08b00: ;   {post_call_nop}
  0x000001cf07d08b00: 0f1f 8400 | 0000 0000 | baf6 ffff | ff44 8b54 | 2438 4489 | 5424 204c | 8b54 2440 | 4c89 5424 
  0x000001cf07d08b20: 304c 8b54 | 2448 4c89 | 5424 384c | 8b54 2460 | 4c89 5424 | 404c 8b54 | 2478 4c89 | 5424 7090 
  0x000001cf07d08b40: ;   {runtime_call UncommonTrapBlob}
  0x000001cf07d08b40: c5f8 77e8 

  0x000001cf07d08b44: ; ImmutableOopMap {[64]=Oop [136]=Oop [152]=Oop [160]=Oop [168]=NarrowOop [176]=Oop [184]=Oop [248]=Oop }
                      ;*getfield sealBase {reexecute=1 rethrow=0 return_oop=0}
                      ; - (reexecute) java.lang.Package::isSealed@14 (line 230)
                      ; - java.net.URLClassLoader::getAndVerifyPackage@14 (line 362)
                      ; - java.net.URLClassLoader::defineClass@46 (line 394)
                      ; - java.net.URLClassLoader::findClass@30 (line 339)
                      ; - java.lang.ClassLoader::loadClass@69 (line 557)
  0x000001cf07d08b44: 18cd 94ff 

  0x000001cf07d08b48: ;   {post_call_nop}
  0x000001cf07d08b48: 0f1f 8400 | 0000 0000 | baf6 ffff | ff44 8b54 | 2438 4489 | 5424 204c | 8b54 2440 | 4c89 5424 
  0x000001cf07d08b68: 304c 8b54 | 2448 4c89 | 5424 384c | 8b54 2460 | 4c89 5424 | 404c 8b54 | 2478 4c89 | 5424 7090 
  0x000001cf07d08b88: ;   {runtime_call UncommonTrapBlob}
  0x000001cf07d08b88: c5f8 77e8 

  0x000001cf07d08b8c: ; ImmutableOopMap {[64]=Oop [136]=Oop [152]=Oop [160]=Oop [168]=NarrowOop [176]=Oop [184]=Oop [248]=Oop }
                      ;*arraylength {reexecute=0 rethrow=0 return_oop=0}
                      ; - java.lang.StringLatin1::replace@8 (line 405)
                      ; - java.lang.String::replace@18 (line 3011)
                      ; - java.net.URLClassLoader::isSealed@9 (line 501)
                      ; - java.net.URLClassLoader::getAndVerifyPackage@68 (line 371)
                      ; - java.net.URLClassLoader::defineClass@46 (line 394)
                      ; - java.net.URLClassLoader::findClass@30 (line 339)
                      ; - java.lang.ClassLoader::loadClass@69 (line 557)
  0x000001cf07d08b8c: d0cc 94ff 

  0x000001cf07d08b90: ;   {post_call_nop}
  0x000001cf07d08b90: 0f1f 8400 | 0000 0000 | baf6 ffff | ff44 8b5c | 2438 4489 | 5c24 204c | 8b54 2440 | 4c89 5424 
  0x000001cf07d08bb0: 304c 8b54 | 2448 4c89 | 5424 384c | 8b54 2460 | 4c89 5424 | 404c 8b54 | 2478 4c89 | 5424 7090 
  0x000001cf07d08bd0: ;   {runtime_call UncommonTrapBlob}
  0x000001cf07d08bd0: c5f8 77e8 

  0x000001cf07d08bd4: ; ImmutableOopMap {[64]=Oop [136]=Oop [152]=Oop [160]=Oop [168]=NarrowOop [176]=Oop [184]=Oop [248]=Oop }
                      ;*arraylength {reexecute=0 rethrow=0 return_oop=0}
                      ; - java.lang.String::length@4 (line 1580)
                      ; - java.lang.StringConcatHelper::doConcat@41 (line 435)
                      ; - java.lang.String::concat@11 (line 2977)
                      ; - java.net.URLClassLoader::isSealed@15 (line 501)
                      ; - java.net.URLClassLoader::getAndVerifyPackage@68 (line 371)
                      ; - java.net.URLClassLoader::defineClass@46 (line 394)
                      ; - java.net.URLClassLoader::findClass@30 (line 339)
                      ; - java.lang.ClassLoader::loadClass@69 (line 557)
  0x000001cf07d08bd4: 88cc 94ff 

  0x000001cf07d08bd8: ;   {post_call_nop}
  0x000001cf07d08bd8: 0f1f 8400 | 0000 0000 | baf6 ffff | ff44 8b54 | 2438 4489 | 5424 204c | 8b54 2440 | 4c89 5424 
  0x000001cf07d08bf8: 304c 8b54 | 2448 4c89 | 5424 384c | 8b54 2460 | 4c89 5424 | 4048 ffb4 | 2488 0000 | 0048 8f44 
  0x000001cf07d08c18: 2468 4c8b | 5424 784c | 8954 2470 | 4c89 8424 | 8800 0000 

  0x000001cf07d08c2c: ;   {runtime_call UncommonTrapBlob}
  0x000001cf07d08c2c: c5f8 77e8 

  0x000001cf07d08c30: ; ImmutableOopMap {[64]=Oop [104]=Oop [136]=Oop [152]=Oop [160]=Oop [168]=NarrowOop [176]=Oop [184]=Oop [248]=Oop }
                      ;*invokeinterface get {reexecute=0 rethrow=0 return_oop=0}
                      ; - java.util.jar.Manifest::getAttributes@5 (line 164)
                      ; - java.util.jar.Manifest::getTrustedAttributes@2 (line 181)
                      ; - java.util.jar.JavaUtilJarAccessImpl::getTrustedAttributes@2 (line 38)
                      ; - java.net.URLClassLoader::isSealed@18 (line 501)
                      ; - java.net.URLClassLoader::getAndVerifyPackage@68 (line 371)
                      ; - java.net.URLClassLoader::defineClass@46 (line 394)
                      ; - java.net.URLClassLoader::findClass@30 (line 339)
                      ; - java.lang.ClassLoader::loadClass@69 (line 557)
  0x000001cf07d08c30: 2ccc 94ff 

  0x000001cf07d08c34: ;   {post_call_nop}
  0x000001cf07d08c34: 0f1f 8400 | 0000 0000 | baf6 ffff | ff44 8b5c | 2438 4489 | 5c24 204c | 8b54 2440 | 4c89 5424 
  0x000001cf07d08c54: 304c 8b54 | 2448 4c89 | 5424 384c | 8b54 2460 | 4c89 5424 | 404c 8b54 | 2478 4c89 | 5424 7090 
  0x000001cf07d08c74: ;   {runtime_call UncommonTrapBlob}
  0x000001cf07d08c74: c5f8 77e8 

  0x000001cf07d08c78: ; ImmutableOopMap {[64]=Oop [136]=Oop [152]=Oop [160]=Oop [168]=NarrowOop [176]=Oop [184]=Oop [248]=Oop }
                      ;*invokeinterface get {reexecute=0 rethrow=0 return_oop=0}
                      ; - java.util.jar.Attributes::get@5 (line 106)
                      ; - java.util.jar.Attributes::getValue@2 (line 142)
                      ; - java.net.URLClassLoader::isSealed@58 (line 508)
                      ; - java.net.URLClassLoader::getAndVerifyPackage@68 (line 371)
                      ; - java.net.URLClassLoader::defineClass@46 (line 394)
                      ; - java.net.URLClassLoader::findClass@30 (line 339)
                      ; - java.lang.ClassLoader::loadClass@69 (line 557)
  0x000001cf07d08c78: e4cb 94ff 

  0x000001cf07d08c7c: ;   {post_call_nop}
  0x000001cf07d08c7c: 0f1f 8400 | 0000 0000 | baf6 ffff | ff44 8b54 | 2438 4489 | 5424 204c | 8b54 2440 | 4c89 5424 
  0x000001cf07d08c9c: 304c 8b54 | 2448 4c89 | 5424 384c | 8b54 2460 | 4c89 5424 | 404c 8b54 | 2478 4c89 | 5424 7090 
  0x000001cf07d08cbc: ;   {runtime_call UncommonTrapBlob}
  0x000001cf07d08cbc: c5f8 77e8 

  0x000001cf07d08cc0: ; ImmutableOopMap {[64]=Oop [136]=Oop [152]=Oop [160]=Oop [168]=NarrowOop [176]=Oop [184]=Oop [248]=Oop }
                      ;*arraylength {reexecute=0 rethrow=0 return_oop=0}
                      ; - java.lang.StringLatin1::hashCode@3 (line 306)
                      ; - java.lang.String::hashCode@27 (line 2445)
                      ; - java.util.HashMap::hash@9 (line 338)
                      ; - java.util.HashMap::getNode@23 (line 577)
                      ; - java.util.HashMap::get@2 (line 565)
                      ; - java.util.jar.Manifest::getAttributes@5 (line 164)
                      ; - java.util.jar.Manifest::getTrustedAttributes@2 (line 181)
                      ; - java.util.jar.JavaUtilJarAccessImpl::getTrustedAttributes@2 (line 38)
                      ; - java.net.URLClassLoader::isSealed@18 (line 501)
                      ; - java.net.URLClassLoader::getAndVerifyPackage@68 (line 371)
                      ; - java.net.URLClassLoader::defineClass@46 (line 394)
                      ; - java.net.URLClassLoader::findClass@30 (line 339)
                      ; - java.lang.ClassLoader::loadClass@69 (line 557)
  0x000001cf07d08cc0: 9ccb 94ff 

  0x000001cf07d08cc4: ;   {post_call_nop}
  0x000001cf07d08cc4: 0f1f 8400 | 0000 0000 | ba4d ffff | ff44 8b44 | 2438 4489 | 4424 204c | 8b54 2440 | 4c89 5424 
  0x000001cf07d08ce4: 304c 8b54 | 2448 4c89 | 5424 384c | 8b54 2460 | 4c89 5424 | 4048 ffb4 | 2488 0000 | 0048 8f44 
  0x000001cf07d08d04: 2468 4c8b | 5424 784c | 8954 2470 | 4489 9c24 | 8c00 0000 

  0x000001cf07d08d18: ;   {runtime_call UncommonTrapBlob}
  0x000001cf07d08d18: c5f8 77e8 

  0x000001cf07d08d1c: ; ImmutableOopMap {[64]=Oop [104]=Oop [140]=NarrowOop [152]=Oop [160]=Oop [168]=NarrowOop [184]=Oop [248]=Oop }
                      ;*ifnonnull {reexecute=1 rethrow=0 return_oop=0}
                      ; - (reexecute) jdk.internal.access.SharedSecrets::javaUtilJarAccess@5 (line 141)
                      ; - jdk.internal.loader.URLClassPath$JarLoader$1::getManifest@0 (line 720)
                      ; - java.net.URLClassLoader::defineClass@34 (line 393)
                      ; - java.net.URLClassLoader::findClass@30 (line 339)
                      ; - java.lang.ClassLoader::loadClass@69 (line 557)
  0x000001cf07d08d1c: 40cb 94ff 

  0x000001cf07d08d20: ;   {post_call_nop}
  0x000001cf07d08d20: 0f1f 8400 | 0000 0000 | ba4d ffff | ff44 8b5c | 2438 4489 | 5c24 284c | 8b54 2440 | 4c89 5424 
  0x000001cf07d08d40: 384c 8b54 | 2448 4c89 | 5424 404c | 8b54 2460 | 4c89 5424 | 4848 ffb4 | 2488 0000 | 0048 8f44 
  0x000001cf07d08d60: 2470 4889 | 8c24 8800 | 0000 6690 

  0x000001cf07d08d6c: ;   {runtime_call UncommonTrapBlob}
  0x000001cf07d08d6c: c5f8 77e8 

  0x000001cf07d08d70: ; ImmutableOopMap {rbp=NarrowOop [72]=Oop [112]=Oop [136]=Oop [152]=Oop [160]=Oop [168]=NarrowOop [184]=Oop [248]=Oop }
                      ;*ifnull {reexecute=1 rethrow=0 return_oop=0}
                      ; - (reexecute) java.lang.ref.SoftReference::get@6 (line 114)
                      ; - java.util.jar.JarFile::getManifestFromReference@11 (line 397)
                      ; - java.util.jar.JarFile::getManifest@1 (line 393)
                      ; - jdk.internal.loader.URLClassPath$JarLoader$1::getManifest@22 (line 721)
                      ; - java.net.URLClassLoader::defineClass@34 (line 393)
                      ; - java.net.URLClassLoader::findClass@30 (line 339)
                      ; - java.lang.ClassLoader::loadClass@69 (line 557)
  0x000001cf07d08d70: ecca 94ff 

  0x000001cf07d08d74: ;   {post_call_nop}
  0x000001cf07d08d74: 0f1f 8400 | 0000 0000 | ba4d ffff | ff44 8b5c | 2438 4489 | 5c24 204c | 8b54 2440 | 4c89 5424 
  0x000001cf07d08d94: 304c 8b54 | 2448 4c89 | 5424 384c | 8b54 2460 | 4c89 5424 | 4048 ffb4 | 24a0 0000 | 0048 8f44 
  0x000001cf07d08db4: 2450 48ff | b424 9800 | 0000 488f | 4424 6048 | ffb4 2488 | 0000 0048 | 8f44 2468 | 4c8b 5424 
  0x000001cf07d08dd4: 784c 8954 | 2470 4889 | 4424 f88b | 8424 a800 | 0000 8944 | 2424 488b | 4424 f848 | 899c 2490 
  0x000001cf07d08df4: 0000 0089 | bc24 ac00 | 0000 6690 

  0x000001cf07d08e00: ;   {runtime_call UncommonTrapBlob}
  0x000001cf07d08e00: c5f8 77e8 

  0x000001cf07d08e04: ; ImmutableOopMap {[36]=NarrowOop [64]=Oop [80]=Oop [96]=Oop [104]=Oop [144]=Oop [172]=NarrowOop [176]=Oop [184]=Oop [248]=Oop }
                      ;*ifnonnull {reexecute=1 rethrow=0 return_oop=0}
                      ; - (reexecute) jdk.internal.access.SharedSecrets::javaUtilJarAccess@5 (line 141)
                      ; - java.net.URLClassLoader::isSealed@0 (line 500)
                      ; - java.net.URLClassLoader::getAndVerifyPackage@68 (line 371)
                      ; - java.net.URLClassLoader::defineClass@46 (line 394)
                      ; - java.net.URLClassLoader::findClass@30 (line 339)
                      ; - java.lang.ClassLoader::loadClass@69 (line 557)
  0x000001cf07d08e04: 58ca 94ff 

  0x000001cf07d08e08: ;   {post_call_nop}
  0x000001cf07d08e08: 0f1f 8400 | 0000 0000 | ba4d ffff | ff44 8b5c | 2438 4489 | 5c24 204c | 8b5c 2440 | 4c89 5c24 
  0x000001cf07d08e28: 304c 8b5c | 2448 4c89 | 5c24 384c | 8b5c 2460 | 4c89 5c24 | 4048 ffb4 | 2498 0000 | 0048 8f44 
  0x000001cf07d08e48: 2460 48ff | b424 8800 | 0000 488f | 4424 684c | 8b5c 2478 | 4c89 5c24 | 7048 899c | 2490 0000 
  0x000001cf07d08e68: 0044 8994 | 249c 0000 | 0066 6690 

  0x000001cf07d08e74: ;   {runtime_call UncommonTrapBlob}
  0x000001cf07d08e74: c5f8 77e8 

  0x000001cf07d08e78: ; ImmutableOopMap {[64]=Oop [96]=Oop [104]=Oop [144]=Oop [156]=NarrowOop [160]=Oop [168]=NarrowOop [176]=Oop [184]=Oop [248]=Oop }
                      ;*ifnull {reexecute=1 rethrow=0 return_oop=0}
                      ; - (reexecute) java.net.URLClassLoader::isSealed@51 (line 507)
                      ; - java.net.URLClassLoader::getAndVerifyPackage@68 (line 371)
                      ; - java.net.URLClassLoader::defineClass@46 (line 394)
                      ; - java.net.URLClassLoader::findClass@30 (line 339)
                      ; - java.lang.ClassLoader::loadClass@69 (line 557)
  0x000001cf07d08e78: e4c9 94ff 

  0x000001cf07d08e7c: ;   {post_call_nop}
  0x000001cf07d08e7c: 0f1f 8400 | 0000 0000 | baf6 ffff | ff44 8b5c | 2438 4489 | 5c24 204c | 8b54 2440 | 4c89 5424 
  0x000001cf07d08e9c: 304c 8b54 | 2448 4c89 | 5424 384c | 8b54 2460 | 4c89 5424 | 404c 8b54 | 2478 4c89 | 5424 7090 
  0x000001cf07d08ebc: ;   {runtime_call UncommonTrapBlob}
  0x000001cf07d08ebc: c5f8 77e8 

  0x000001cf07d08ec0: ; ImmutableOopMap {[64]=Oop [136]=Oop [152]=Oop [160]=Oop [168]=NarrowOop [176]=Oop [184]=Oop [248]=Oop }
                      ;*arraylength {reexecute=0 rethrow=0 return_oop=0}
                      ; - java.lang.String::length@4 (line 1580)
                      ; - java.lang.String::equalsIgnoreCase@14 (line 2068)
                      ; - java.net.URLClassLoader::isSealed@68 (line 511)
                      ; - java.net.URLClassLoader::getAndVerifyPackage@68 (line 371)
                      ; - java.net.URLClassLoader::defineClass@46 (line 394)
                      ; - java.net.URLClassLoader::findClass@30 (line 339)
                      ; - java.lang.ClassLoader::loadClass@69 (line 557)
  0x000001cf07d08ec0: 9cc9 94ff 

  0x000001cf07d08ec4: ;   {post_call_nop}
  0x000001cf07d08ec4: 0f1f 8400 | 0000 0000 | baf4 ffff | ff44 8b54 | 2438 4489 | 5424 204c | 8b54 2440 | 4c89 5424 
  0x000001cf07d08ee4: 304c 8b54 | 2448 4c89 | 5424 384c | 8b54 2460 | 4c89 5424 | 404c 8b94 | 24a0 0000 | 004c 8954 
  0x000001cf07d08f04: 2450 4c8b | 9424 9800 | 0000 4c89 | 5424 604c | 8b54 2478 | 4c89 5424 | 7066 6690 

  0x000001cf07d08f20: ;   {runtime_call UncommonTrapBlob}
  0x000001cf07d08f20: c5f8 77e8 

  0x000001cf07d08f24: ; ImmutableOopMap {[36]=NarrowOop [64]=Oop [80]=Oop [96]=Oop [104]=Oop [128]=Oop [184]=Oop [248]=Oop }
                      ;*checkcast {reexecute=0 rethrow=0 return_oop=0}
                      ; - java.lang.ClassLoader::definePackage@81 (line 1959)
                      ; - java.lang.ClassLoader::getDefinedPackage@32 (line 2096)
                      ; - java.net.URLClassLoader::getAndVerifyPackage@2 (line 359)
                      ; - java.net.URLClassLoader::defineClass@46 (line 394)
                      ; - java.net.URLClassLoader::findClass@30 (line 339)
                      ; - java.lang.ClassLoader::loadClass@69 (line 557)
  0x000001cf07d08f24: 38c9 94ff 

  0x000001cf07d08f28: ;   {post_call_nop}
  0x000001cf07d08f28: 0f1f 8400 | 0000 0000 | ba4d ffff | ff44 8b44 | 2438 4489 | 4424 284c | 8b44 2440 | 4c89 4424 
  0x000001cf07d08f48: 384c 8b44 | 2448 4c89 | 4424 404c | 8b44 2460 | 4c89 4424 | 4848 ffb4 | 24a0 0000 | 0048 8f44 
  0x000001cf07d08f68: 2458 48ff | b424 b800 | 0000 488f | 4424 6048 | ffb4 2498 | 0000 0048 | 8f44 2468 | 48ff b424 
  0x000001cf07d08f88: 8800 0000 | 488f 4424 | 7048 ffb4 | 24b8 0000 | 0048 8f84 | 2490 0000 | 0048 ffb4 | 24b0 0000 
  0x000001cf07d08fa8: 0048 8f84 | 24a0 0000 | 0044 8994 | 24ac 0000 | 0044 899c | 24c8 0000 | 0066 6690 

  0x000001cf07d08fc4: ;   {runtime_call UncommonTrapBlob}
  0x000001cf07d08fc4: c5f8 77e8 

  0x000001cf07d08fc8: ; ImmutableOopMap {rbp=NarrowOop [72]=Oop [88]=Oop [96]=Oop [104]=Oop [112]=Oop [144]=Oop [160]=Oop [168]=NarrowOop [172]=NarrowOop [248]=Oop }
                      ;*ifnull {reexecute=1 rethrow=0 return_oop=0}
                      ; - (reexecute) java.util.concurrent.ConcurrentHashMap::get@67 (line 952)
                      ; - java.lang.ClassLoader::getDefinedPackage@13 (line 2092)
                      ; - java.net.URLClassLoader::getAndVerifyPackage@2 (line 359)
                      ; - java.net.URLClassLoader::defineClass@46 (line 394)
                      ; - java.net.URLClassLoader::findClass@30 (line 339)
                      ; - java.lang.ClassLoader::loadClass@69 (line 557)
  0x000001cf07d08fc8: 94c8 94ff 

  0x000001cf07d08fcc: ;   {post_call_nop}
  0x000001cf07d08fcc: 0f1f 8400 | 0000 0000 | baf6 ffff | ff44 8b5c | 2438 4489 | 5c24 204c | 8b54 2440 | 4c89 5424 
  0x000001cf07d08fec: 304c 8b54 | 2448 4c89 | 5424 384c | 8b54 2460 | 4c89 5424 | 404c 8b54 | 2458 4c89 | 5424 5044 
  0x000001cf07d0900c: 8b5c 2468 | 4489 5c24 | 2444 8b54 | 246c 4489 | 5424 604c | 8b54 2470 | 4c89 5424 | 684c 8b54 
  0x000001cf07d0902c: 2478 4c89 | 5424 704c | 8b94 2480 | 0000 004c | 8954 2478 

  0x000001cf07d09040: ;   {runtime_call UncommonTrapBlob}
  0x000001cf07d09040: c5f8 77e8 

  0x000001cf07d09044: ; ImmutableOopMap {[36]=NarrowOop [64]=Oop [80]=Oop [104]=Oop [112]=Oop [120]=Oop [144]=Oop [184]=Oop }
                      ;*arraylength {reexecute=0 rethrow=0 return_oop=0}
                      ; - java.lang.StringLatin1::charAt@2 (line 46)
                      ; - java.lang.String::charAt@12 (line 1616)
                      ; - java.io.WinNTFileSystem::normalize@36 (line 126)
                      ; - java.io.File::<init>@73 (line 373)
                      ; - jdk.internal.loader.URLClassPath$FileLoader::getResource@64 (line 943)
                      ; - jdk.internal.loader.URLClassPath::getResource@50 (line 332)
                      ; - java.net.URLClassLoader::findClass@19 (line 336)
                      ; - java.lang.ClassLoader::loadClass@69 (line 557)
  0x000001cf07d09044: 18c8 94ff 

  0x000001cf07d09048: ;   {post_call_nop}
  0x000001cf07d09048: 0f1f 8400 | 0000 0000 | ba4d ffff | ff8b 4c24 | 3889 4c24 | 284c 8b4c | 2440 4c89 | 4c24 384c 
  0x000001cf07d09068: 8b4c 2448 | 4c89 4c24 | 404c 8b4c | 2460 4c89 | 4c24 4848 | ffb4 24a0 | 0000 0048 | 8f44 2458 
  0x000001cf07d09088: 48ff b424 | b800 0000 | 488f 4424 | 6048 ffb4 | 2498 0000 | 0048 8f44 | 2468 48ff | b424 8800 
  0x000001cf07d090a8: 0000 488f | 4424 7048 | ffb4 24b8 | 0000 0048 | 8f84 2490 | 0000 0048 | ffb4 24b0 | 0000 0048 
  0x000001cf07d090c8: 8f84 24a0 | 0000 0044 | 8994 24ac | 0000 0044 | 8984 24c8 | 0000 0044 | 899c 24cc | 0000 0090 
  0x000001cf07d090e8: ;   {runtime_call UncommonTrapBlob}
  0x000001cf07d090e8: c5f8 77e8 

  0x000001cf07d090ec: ; ImmutableOopMap {rbp=NarrowOop [72]=Oop [88]=Oop [96]=Oop [104]=Oop [112]=Oop [144]=Oop [160]=Oop [168]=NarrowOop [172]=NarrowOop [200]=NarrowOop [248]=Oop }
                      ;*ifnull {reexecute=1 rethrow=0 return_oop=0}
                      ; - (reexecute) java.util.concurrent.ConcurrentHashMap::get@67 (line 952)
                      ; - java.lang.ClassLoader::definePackage@47 (line 1955)
                      ; - java.lang.ClassLoader::getDefinedPackage@32 (line 2096)
                      ; - java.net.URLClassLoader::getAndVerifyPackage@2 (line 359)
                      ; - java.net.URLClassLoader::defineClass@46 (line 394)
                      ; - java.net.URLClassLoader::findClass@30 (line 339)
                      ; - java.lang.ClassLoader::loadClass@69 (line 557)
  0x000001cf07d090ec: 70c7 94ff 

  0x000001cf07d090f0: ;   {post_call_nop}
  0x000001cf07d090f0: 0f1f 8400 | 0000 0000 | baf6 ffff | ff44 8b54 | 2438 4489 | 5424 204c | 8b54 2440 | 4c89 5424 
  0x000001cf07d09110: 304c 8b54 | 2448 4c89 | 5424 384c | 8b54 2460 | 4c89 5424 | 404c 8b54 | 2478 4c89 | 5424 7090 
  0x000001cf07d09130: ;   {runtime_call UncommonTrapBlob}
  0x000001cf07d09130: c5f8 77e8 

  0x000001cf07d09134: ; ImmutableOopMap {[64]=Oop [136]=Oop [152]=Oop [160]=Oop [168]=NarrowOop [176]=Oop [184]=Oop [248]=Oop }
                      ;*arraylength {reexecute=0 rethrow=0 return_oop=0}
                      ; - java.lang.StringLatin1::hashCode@3 (line 306)
                      ; - java.lang.String::hashCode@27 (line 2445)
                      ; - java.util.concurrent.ConcurrentHashMap::get@1 (line 948)
                      ; - java.lang.ClassLoader::getDefinedPackage@13 (line 2092)
                      ; - java.net.URLClassLoader::getAndVerifyPackage@2 (line 359)
                      ; - java.net.URLClassLoader::defineClass@46 (line 394)
                      ; - java.net.URLClassLoader::findClass@30 (line 339)
                      ; - java.lang.ClassLoader::loadClass@69 (line 557)
  0x000001cf07d09134: 28c7 94ff 

  0x000001cf07d09138: ;   {post_call_nop}
  0x000001cf07d09138: 0f1f 8400 | 0000 0000 | baf6 ffff | ff44 8b5c | 2438 4489 | 5c24 204c | 8b54 2440 | 4c89 5424 
  0x000001cf07d09158: 304c 8b54 | 2448 4c89 | 5424 384c | 8b54 2460 | 4c89 5424 | 404c 8b54 | 2468 4c89 | 5424 484c 
  0x000001cf07d09178: 8b54 2458 | 4c89 5424 | 504c 8b54 | 2470 4c89 | 5424 684c | 8b54 2478 | 4c89 5424 | 7044 8b94 
  0x000001cf07d09198: 2480 0000 | 0044 8954 | 2424 4c8b | 9424 9000 | 0000 4c89 | 9424 8000 | 0000 4c8b | 9424 a000 
  0x000001cf07d091b8: 0000 4c89 | 9424 9000 | 0000 4c89 | 8424 a000 | 0000 6690 

  0x000001cf07d091cc: ;   {runtime_call UncommonTrapBlob}
  0x000001cf07d091cc: c5f8 77e8 

  0x000001cf07d091d0: ; ImmutableOopMap {[36]=NarrowOop [64]=Oop [72]=Oop [80]=Oop [104]=Oop [128]=Oop [144]=Oop [152]=Oop [160]=Oop [184]=Oop [248]=Oop }
                      ;*arraylength {reexecute=0 rethrow=0 return_oop=0}
                      ; - java.io.ByteArrayInputStream::<init>@21 (line 109)
                      ; - java.util.jar.JarFile::getManifestFromReference@114 (line 417)
                      ; - java.util.jar.JarFile::getManifest@1 (line 393)
                      ; - jdk.internal.loader.URLClassPath$JarLoader$1::getManifest@22 (line 721)
                      ; - java.net.URLClassLoader::defineClass@34 (line 393)
                      ; - java.net.URLClassLoader::findClass@30 (line 339)
                      ; - java.lang.ClassLoader::loadClass@69 (line 557)
  0x000001cf07d091d0: 8cc6 94ff 

  0x000001cf07d091d4: ;   {post_call_nop}
  0x000001cf07d091d4: 0f1f 8400 | 0000 0000 | 488b d844 | 8b58 0849 | ba00 0000 | 0fcf 0100 | 004d 03d3 | 4d8b 5240 
  0x000001cf07d091f4: ;   {metadata('java/lang/Exception')}
  0x000001cf07d091f4: 49bb e8f4 | 1b0f cf01 | 0000 4d3b | d30f 84b5 | 98ff ffe9 | 71e1 ffff | 488b d844 | 8b50 0849 
  0x000001cf07d09214: bb00 0000 | 0fcf 0100 | 004d 03da | 4d8b 5340 

  0x000001cf07d09224: ;   {metadata('java/lang/Exception')}
  0x000001cf07d09224: 49bb e8f4 | 1b0f cf01 | 0000 4d3b | d30f 8485 | 98ff ffe9 | 41e1 ffff | 488b d844 | 8b58 0849 
  0x000001cf07d09244: ba00 0000 | 0fcf 0100 | 004d 03d3 | 4d8b 5240 

  0x000001cf07d09254: ;   {metadata('java/lang/Exception')}
  0x000001cf07d09254: 49bb e8f4 | 1b0f cf01 | 0000 4d3b | d30f 8455 | 98ff ffe9 | 11e1 ffff | 488b d844 | 8b50 0849 
  0x000001cf07d09274: bb00 0000 | 0fcf 0100 | 004d 03da | 4d8b 5340 

  0x000001cf07d09284: ;   {metadata('java/lang/Exception')}
  0x000001cf07d09284: 49bb e8f4 | 1b0f cf01 | 0000 4d3b | d30f 8425 | 98ff ffe9 | e1e0 ffff | 488b d844 | 8b50 0849 
  0x000001cf07d092a4: bb00 0000 | 0fcf 0100 | 004d 03da | 4d8b 5340 

  0x000001cf07d092b4: ;   {metadata('java/lang/Exception')}
  0x000001cf07d092b4: 49bb e8f4 | 1b0f cf01 | 0000 4d3b | d30f 84f5 | 97ff ffe9 | b1e0 ffff | 488b d844 | 8b50 0849 
  0x000001cf07d092d4: bb00 0000 | 0fcf 0100 | 004d 03da | 4d8b 5340 

  0x000001cf07d092e4: ;   {metadata('java/lang/Exception')}
  0x000001cf07d092e4: 49bb e8f4 | 1b0f cf01 | 0000 4d3b | d30f 84c5 | 97ff ffe9 | 81e0 ffff | 488b d844 | 8b50 0849 
  0x000001cf07d09304: bb00 0000 | 0fcf 0100 | 004d 03da | 4d8b 5340 

  0x000001cf07d09314: ;   {metadata('java/lang/Exception')}
  0x000001cf07d09314: 49bb e8f4 | 1b0f cf01 | 0000 4d3b | d30f 8495 | 97ff ffe9 | 51e0 ffff | 488b d844 | 8b58 0849 
  0x000001cf07d09334: ba00 0000 | 0fcf 0100 | 004d 03d3 | 4d8b 5240 

  0x000001cf07d09344: ;   {metadata('java/lang/Exception')}
  0x000001cf07d09344: 49bb e8f4 | 1b0f cf01 | 0000 4d3b | d30f 8465 | 97ff ffe9 | 21e0 ffff | ba4d ffff | ff44 8b4c 
  0x000001cf07d09364: 2438 4489 | 4c24 204c | 8b54 2440 | 4c89 5424 | 304c 8b54 | 2448 4c89 | 5424 384c | 8b54 2460 
  0x000001cf07d09384: 4c89 5424 | 404c 8b54 | 2468 4c89 | 5424 484c | 8b54 2458 | 4c89 5424 | 504c 8b54 | 2470 4c89 
  0x000001cf07d093a4: 5424 684c | 8b54 2478 | 4c89 5424 | 7044 8b94 | 2480 0000 | 0044 8954 | 2424 4c8b | 9424 8800 
  0x000001cf07d093c4: 0000 4c89 | 9424 8000 | 0000 4c89 | 9c24 8800 | 0000 6690 

  0x000001cf07d093d8: ;   {runtime_call UncommonTrapBlob}
  0x000001cf07d093d8: c5f8 77e8 

  0x000001cf07d093dc: ; ImmutableOopMap {[36]=NarrowOop [64]=Oop [72]=Oop [80]=Oop [104]=Oop [128]=Oop [136]=Oop [144]=Oop [184]=Oop [248]=Oop }
                      ;*ifnull {reexecute=1 rethrow=0 return_oop=0}
                      ; - (reexecute) java.util.jar.JarFile::getManifestFromReference@148 (line 421)
                      ; - java.util.jar.JarFile::getManifest@1 (line 393)
                      ; - jdk.internal.loader.URLClassPath$JarLoader$1::getManifest@22 (line 721)
                      ; - java.net.URLClassLoader::defineClass@34 (line 393)
                      ; - java.net.URLClassLoader::findClass@30 (line 339)
                      ; - java.lang.ClassLoader::loadClass@69 (line 557)
  0x000001cf07d093dc: 80c4 94ff 

  0x000001cf07d093e0: ;   {post_call_nop}
  0x000001cf07d093e0: 0f1f 8400 | 0000 0000 | baf6 ffff | ff44 8b5c | 2438 4489 | 5c24 204c | 8b54 2440 | 4c89 5424 
  0x000001cf07d09400: 304c 8b54 | 2448 4c89 | 5424 384c | 8b54 2460 | 4c89 5424 | 404c 8b54 | 2458 4c89 | 5424 5044 
  0x000001cf07d09420: 8b54 2468 | 4489 5424 | 244c 8b54 | 2470 448b | 5c24 6c44 | 895c 2460 | 4c89 5424 | 684c 8b54 
  0x000001cf07d09440: 2478 4c89 | 5424 704c | 8b94 2480 | 0000 004c | 8954 2478 

  0x000001cf07d09454: ;   {runtime_call UncommonTrapBlob}
  0x000001cf07d09454: c5f8 77e8 

  0x000001cf07d09458: ; ImmutableOopMap {[36]=NarrowOop [64]=Oop [80]=Oop [104]=Oop [112]=Oop [120]=Oop [144]=Oop [184]=Oop }
                      ;*arraylength {reexecute=0 rethrow=0 return_oop=0}
                      ; - java.lang.StringLatin1::charAt@2 (line 46)
                      ; - java.lang.String::charAt@12 (line 1616)
                      ; - java.io.WinNTFileSystem::normalize@36 (line 126)
                      ; - java.io.File::<init>@73 (line 373)
                      ; - jdk.internal.loader.URLClassPath$FileLoader::getResource@109 (line 950)
                      ; - jdk.internal.loader.URLClassPath::getResource@50 (line 332)
                      ; - java.net.URLClassLoader::findClass@19 (line 336)
                      ; - java.lang.ClassLoader::loadClass@69 (line 557)
  0x000001cf07d09458: 04c4 94ff 

  0x000001cf07d0945c: ;   {post_call_nop}
  0x000001cf07d0945c: 0f1f 8400 | 0000 0000 | baf6 ffff | ff44 8b44 | 2438 4489 | 4424 204c | 8b5c 2440 | 4c89 5c24 
  0x000001cf07d0947c: 304c 8b5c | 2448 4c89 | 5c24 384c | 8b5c 2460 | 4c89 5c24 | 404c 8b5c | 2458 4c89 | 5c24 5044 
  0x000001cf07d0949c: 8b44 2468 | 4489 4424 | 2444 8b5c | 246c 4489 | 5c24 604c | 8b5c 2470 | 4c89 5c24 | 684c 894c 
  0x000001cf07d094bc: 2470 4889 | 4c24 7844 | 8954 2464 

  0x000001cf07d094c8: ;   {runtime_call UncommonTrapBlob}
  0x000001cf07d094c8: c5f8 77e8 

  0x000001cf07d094cc: ; ImmutableOopMap {[36]=NarrowOop [64]=Oop [80]=Oop [100]=NarrowOop [104]=Oop [112]=Oop [120]=Oop [184]=Oop }
                      ;*invokevirtual getFile {reexecute=0 rethrow=0 return_oop=0}
                      ; - jdk.internal.loader.URLClassPath$FileLoader::getResource@27 (line 937)
                      ; - jdk.internal.loader.URLClassPath::getResource@50 (line 332)
                      ; - java.net.URLClassLoader::findClass@19 (line 336)
                      ; - java.lang.ClassLoader::loadClass@69 (line 557)
  0x000001cf07d094cc: 90c3 94ff 

  0x000001cf07d094d0: ;   {post_call_nop}
  0x000001cf07d094d0: 0f1f 8400 | 0000 0000 | 4c8b d0e9 | 44dd ffff | 488b d8e9 | 15de ffff | 488b d844 | 8b50 0849 
  0x000001cf07d094f0: bb00 0000 | 0fcf 0100 | 004d 03da | 4d8b 5340 

  0x000001cf07d09500: ;   {metadata('java/lang/Exception')}
  0x000001cf07d09500: 49bb e8f4 | 1b0f cf01 | 0000 4d3b | d30f 84a9 | 95ff ffe9 | 65de ffff | baf6 ffff | ff44 8b54 
  0x000001cf07d09520: 2438 4489 | 5424 204c | 8b54 2440 | 4c89 5424 | 304c 8b54 | 2448 4c89 | 5424 384c | 8b54 2460 
  0x000001cf07d09540: 4c89 5424 | 404c 8b54 | 2458 4c89 | 5424 5044 | 8b54 2468 | 4489 5424 | 244c 8b54 | 2470 448b 
  0x000001cf07d09560: 5c24 6c44 | 895c 2460 | 4c89 5424 | 684c 8b54 | 2478 4c89 | 5424 704c | 8b94 2480 | 0000 004c 
  0x000001cf07d09580: 8954 2478 

  0x000001cf07d09584: ;   {runtime_call UncommonTrapBlob}
  0x000001cf07d09584: c5f8 77e8 

  0x000001cf07d09588: ; ImmutableOopMap {[36]=NarrowOop [64]=Oop [80]=Oop [104]=Oop [112]=Oop [120]=Oop [144]=Oop [184]=Oop }
                      ;*invokevirtual isEmpty {reexecute=0 rethrow=0 return_oop=0}
                      ; - java.io.File::<init>@29 (line 368)
                      ; - jdk.internal.loader.URLClassPath$FileLoader::getResource@64 (line 943)
                      ; - jdk.internal.loader.URLClassPath::getResource@50 (line 332)
                      ; - java.net.URLClassLoader::findClass@19 (line 336)
                      ; - java.lang.ClassLoader::loadClass@69 (line 557)
  0x000001cf07d09588: d4c2 94ff 

  0x000001cf07d0958c: ;   {post_call_nop}
  0x000001cf07d0958c: 0f1f 8400 | 0000 0000 | baf6 ffff | ff44 8b5c | 2438 4489 | 5c24 204c | 8b54 2440 | 4c89 5424 
  0x000001cf07d095ac: 304c 8b54 | 2448 4c89 | 5424 384c | 8b54 2460 | 4c89 5424 | 404c 8b54 | 2458 4c89 | 5424 5044 
  0x000001cf07d095cc: 8b54 2468 | 4489 5424 | 244c 8b54 | 2470 448b | 5c24 6c44 | 895c 2460 | 4c89 5424 | 684c 8b54 
  0x000001cf07d095ec: 2478 4c89 | 5424 704c | 8b94 2480 | 0000 004c | 8954 2478 

  0x000001cf07d09600: ;   {runtime_call UncommonTrapBlob}
  0x000001cf07d09600: c5f8 77e8 

  0x000001cf07d09604: ; ImmutableOopMap {[36]=NarrowOop [64]=Oop [80]=Oop [104]=Oop [112]=Oop [120]=Oop [144]=Oop [184]=Oop }
                      ;*arraylength {reexecute=0 rethrow=0 return_oop=0}
                      ; - java.lang.String::isEmpty@4 (line 1593)
                      ; - java.io.File::<init>@29 (line 368)
                      ; - jdk.internal.loader.URLClassPath$FileLoader::getResource@64 (line 943)
                      ; - jdk.internal.loader.URLClassPath::getResource@50 (line 332)
                      ; - java.net.URLClassLoader::findClass@19 (line 336)
                      ; - java.lang.ClassLoader::loadClass@69 (line 557)
  0x000001cf07d09604: 58c2 94ff 

  0x000001cf07d09608: ;   {post_call_nop}
  0x000001cf07d09608: 0f1f 8400 | 0000 0000 | baf6 ffff | ff44 8b5c | 2438 4489 | 5c24 204c | 8b54 2440 | 4c89 5424 
  0x000001cf07d09628: 304c 8b54 | 2448 4c89 | 5424 384c | 8b54 2460 | 4c89 5424 | 404c 8b54 | 2458 4c89 | 5424 5044 
  0x000001cf07d09648: 8b5c 2468 | 4489 5c24 | 2444 8b54 | 246c 4489 | 5424 604c | 8b54 2470 | 4c89 5424 | 684c 8b54 
  0x000001cf07d09668: 2478 4c89 | 5424 704c | 8b94 2480 | 0000 004c | 8954 2478 

  0x000001cf07d0967c: ;   {runtime_call UncommonTrapBlob}
  0x000001cf07d0967c: c5f8 77e8 

  0x000001cf07d09680: ; ImmutableOopMap {[36]=NarrowOop [64]=Oop [80]=Oop [104]=Oop [112]=Oop [120]=Oop [144]=Oop [184]=Oop }
                      ;*arraylength {reexecute=0 rethrow=0 return_oop=0}
                      ; - java.lang.String::length@4 (line 1580)
                      ; - java.lang.String::startsWith@6 (line 2361)
                      ; - java.lang.String::startsWith@3 (line 2403)
                      ; - java.io.WinNTFileSystem::stripLongOrUNCPrefix@3 (line 67)
                      ; - java.io.WinNTFileSystem::normalize@1 (line 120)
                      ; - java.io.File::<init>@73 (line 373)
                      ; - jdk.internal.loader.URLClassPath$FileLoader::getResource@64 (line 943)
                      ; - jdk.internal.loader.URLClassPath::getResource@50 (line 332)
                      ; - java.net.URLClassLoader::findClass@19 (line 336)
                      ; - java.lang.ClassLoader::loadClass@69 (line 557)
  0x000001cf07d09680: dcc1 94ff 

  0x000001cf07d09684: ;   {post_call_nop}
  0x000001cf07d09684: 0f1f 8400 | 0000 0000 | baf6 ffff | ff44 8b54 | 2438 4489 | 5424 204c | 8b54 2440 | 4c89 5424 
  0x000001cf07d096a4: 304c 8b54 | 2448 4c89 | 5424 384c | 8b54 2460 | 4c89 5424 | 404c 8b54 | 2458 4c89 | 5424 5044 
  0x000001cf07d096c4: 8b5c 2468 | 4489 5c24 | 2444 8b54 | 246c 4489 | 5424 604c | 8b54 2470 | 4c89 5424 | 684c 8b54 
  0x000001cf07d096e4: 2478 4c89 | 5424 704c | 8b94 2480 | 0000 004c | 8954 2478 

  0x000001cf07d096f8: ;   {runtime_call UncommonTrapBlob}
  0x000001cf07d096f8: c5f8 77e8 

  0x000001cf07d096fc: ; ImmutableOopMap {[36]=NarrowOop [64]=Oop [80]=Oop [104]=Oop [112]=Oop [120]=Oop [144]=Oop [184]=Oop }
                      ;*invokevirtual length {reexecute=0 rethrow=0 return_oop=0}
                      ; - java.io.WinNTFileSystem::prefixLength@29 (line 249)
                      ; - java.io.File::<init>@104 (line 378)
                      ; - jdk.internal.loader.URLClassPath$FileLoader::getResource@64 (line 943)
                      ; - jdk.internal.loader.URLClassPath::getResource@50 (line 332)
                      ; - java.net.URLClassLoader::findClass@19 (line 336)
                      ; - java.lang.ClassLoader::loadClass@69 (line 557)
  0x000001cf07d096fc: 60c1 94ff 

  0x000001cf07d09700: ;   {post_call_nop}
  0x000001cf07d09700: 0f1f 8400 | 0000 0000 | baf6 ffff | ff44 8b5c | 2438 4489 | 5c24 204c | 8b54 2440 | 4c89 5424 
  0x000001cf07d09720: 304c 8b54 | 2448 4c89 | 5424 384c | 8b54 2460 | 4c89 5424 | 404c 8b54 | 2458 4c89 | 5424 5044 
  0x000001cf07d09740: 8b5c 2468 | 4489 5c24 | 2444 8b54 | 246c 4489 | 5424 604c | 8b54 2470 | 4c89 5424 | 684c 8b54 
  0x000001cf07d09760: 2478 4c89 | 5424 704c | 8b94 2480 | 0000 004c | 8954 2478 

  0x000001cf07d09774: ;   {runtime_call UncommonTrapBlob}
  0x000001cf07d09774: c5f8 77e8 

  0x000001cf07d09778: ; ImmutableOopMap {[36]=NarrowOop [64]=Oop [80]=Oop [104]=Oop [112]=Oop [120]=Oop [144]=Oop [184]=Oop }
                      ;*arraylength {reexecute=0 rethrow=0 return_oop=0}
                      ; - java.lang.String::length@4 (line 1580)
                      ; - java.io.WinNTFileSystem::prefixLength@29 (line 249)
                      ; - java.io.File::<init>@104 (line 378)
                      ; - jdk.internal.loader.URLClassPath$FileLoader::getResource@64 (line 943)
                      ; - jdk.internal.loader.URLClassPath::getResource@50 (line 332)
                      ; - java.net.URLClassLoader::findClass@19 (line 336)
                      ; - java.lang.ClassLoader::loadClass@69 (line 557)
  0x000001cf07d09778: e4c0 94ff 

  0x000001cf07d0977c: ;   {post_call_nop}
  0x000001cf07d0977c: 0f1f 8400 | 0000 0000 | baf6 ffff | ff44 8b54 | 2438 4489 | 5424 204c | 8b54 2440 | 4c89 5424 
  0x000001cf07d0979c: 304c 8b54 | 2448 4c89 | 5424 384c | 8b54 2460 | 4c89 5424 | 404c 8b54 | 2458 4c89 | 5424 5044 
  0x000001cf07d097bc: 8b54 2468 | 4489 5424 | 244c 8b54 | 2470 448b | 5c24 6c44 | 895c 2460 | 4c89 5424 | 684c 8b54 
  0x000001cf07d097dc: 2478 4c89 | 5424 7090 

  0x000001cf07d097e4: ;   {runtime_call UncommonTrapBlob}
  0x000001cf07d097e4: c5f8 77e8 

  0x000001cf07d097e8: ; ImmutableOopMap {[36]=NarrowOop [64]=Oop [80]=Oop [104]=Oop [112]=Oop [128]=Oop [184]=Oop }
                      ;*invokevirtual getPath {reexecute=0 rethrow=0 return_oop=0}
                      ; - jdk.internal.loader.URLClassPath$FileLoader::getResource@74 (line 945)
                      ; - jdk.internal.loader.URLClassPath::getResource@50 (line 332)
                      ; - java.net.URLClassLoader::findClass@19 (line 336)
                      ; - java.lang.ClassLoader::loadClass@69 (line 557)
  0x000001cf07d097e8: 74c0 94ff 

  0x000001cf07d097ec: ;   {post_call_nop}
  0x000001cf07d097ec: 0f1f 8400 | 0000 0000 | baf6 ffff | ff44 8b44 | 2438 4489 | 4424 204c | 8b5c 2440 | 4c89 5c24 
  0x000001cf07d0980c: 304c 8b5c | 2448 4c89 | 5c24 384c | 8b5c 2460 | 4c89 5c24 | 404c 8b5c | 2458 4c89 | 5c24 5044 
  0x000001cf07d0982c: 8b5c 2468 | 4489 5c24 | 244c 8b5c | 2470 448b | 4424 6c44 | 8944 2460 | 4c89 5c24 | 6848 894c 
  0x000001cf07d0984c: 2470 4c8b | 9c24 8000 | 0000 4c89 | 5c24 7848 | 8984 2480 | 0000 0044 | 8954 2464 

  0x000001cf07d09868: ;   {runtime_call UncommonTrapBlob}
  0x000001cf07d09868: c5f8 77e8 

  0x000001cf07d0986c: ; ImmutableOopMap {[36]=NarrowOop [64]=Oop [80]=Oop [100]=NarrowOop [104]=Oop [112]=Oop [120]=Oop [128]=Oop [184]=Oop }
                      ;*invokevirtual getPath {reexecute=0 rethrow=0 return_oop=0}
                      ; - jdk.internal.loader.URLClassPath$FileLoader::getResource@81 (line 945)
                      ; - jdk.internal.loader.URLClassPath::getResource@50 (line 332)
                      ; - java.net.URLClassLoader::findClass@19 (line 336)
                      ; - java.lang.ClassLoader::loadClass@69 (line 557)
  0x000001cf07d0986c: f0bf 94ff 

  0x000001cf07d09870: ;   {post_call_nop}
  0x000001cf07d09870: 0f1f 8400 | 0000 0000 | baf6 ffff | ff44 8b54 | 2438 4489 | 5424 204c | 8b54 2440 | 4c89 5424 
  0x000001cf07d09890: 304c 8b54 | 2448 4c89 | 5424 384c | 8b54 2460 | 4c89 5424 | 404c 8b54 | 2458 4c89 | 5424 5044 
  0x000001cf07d098b0: 8b5c 2468 | 4489 5c24 | 2444 8b54 | 246c 4489 | 5424 604c | 8b54 2470 | 4c89 5424 | 684c 8b54 
  0x000001cf07d098d0: 2478 4c89 | 5424 704c | 8b94 2480 | 0000 004c | 8954 2478 

  0x000001cf07d098e4: ;   {runtime_call UncommonTrapBlob}
  0x000001cf07d098e4: c5f8 77e8 

  0x000001cf07d098e8: ; ImmutableOopMap {[36]=NarrowOop [64]=Oop [80]=Oop [104]=Oop [112]=Oop [120]=Oop [144]=Oop [184]=Oop }
                      ;*arraylength {reexecute=0 rethrow=0 return_oop=0}
                      ; - java.lang.StringLatin1::charAt@2 (line 46)
                      ; - java.lang.String::charAt@12 (line 1616)
                      ; - java.io.WinNTFileSystem::prefixLength@53 (line 252)
                      ; - java.io.File::<init>@104 (line 378)
                      ; - jdk.internal.loader.URLClassPath$FileLoader::getResource@64 (line 943)
                      ; - jdk.internal.loader.URLClassPath::getResource@50 (line 332)
                      ; - java.net.URLClassLoader::findClass@19 (line 336)
                      ; - java.lang.ClassLoader::loadClass@69 (line 557)
  0x000001cf07d098e8: 74bf 94ff 

  0x000001cf07d098ec: ;   {post_call_nop}
  0x000001cf07d098ec: 0f1f 8400 | 0000 0000 | baf6 ffff | ff44 8b5c | 2438 4489 | 5c24 204c | 8b54 2440 | 4c89 5424 
  0x000001cf07d0990c: 304c 8b54 | 2448 4c89 | 5424 384c | 8b54 2460 | 4c89 5424 | 404c 8b54 | 2458 4c89 | 5424 5044 
  0x000001cf07d0992c: 8b5c 2468 | 4489 5c24 | 2444 8b54 | 246c 4489 | 5424 604c | 8b54 2470 | 4c89 5424 | 684c 8b54 
  0x000001cf07d0994c: 2478 4c89 | 5424 704c | 8b94 2480 | 0000 004c | 8954 2478 

  0x000001cf07d09960: ;   {runtime_call UncommonTrapBlob}
  0x000001cf07d09960: c5f8 77e8 

  0x000001cf07d09964: ; ImmutableOopMap {[36]=NarrowOop [64]=Oop [80]=Oop [104]=Oop [112]=Oop [120]=Oop [144]=Oop [184]=Oop }
                      ;*arraylength {reexecute=0 rethrow=0 return_oop=0}
                      ; - java.lang.StringLatin1::charAt@2 (line 46)
                      ; - java.lang.String::charAt@12 (line 1616)
                      ; - java.io.WinNTFileSystem::prefixLength@101 (line 258)
                      ; - java.io.File::<init>@104 (line 378)
                      ; - jdk.internal.loader.URLClassPath$FileLoader::getResource@64 (line 943)
                      ; - jdk.internal.loader.URLClassPath::getResource@50 (line 332)
                      ; - java.net.URLClassLoader::findClass@19 (line 336)
                      ; - java.lang.ClassLoader::loadClass@69 (line 557)
  0x000001cf07d09964: f8be 94ff 

  0x000001cf07d09968: ;   {post_call_nop}
  0x000001cf07d09968: 0f1f 8400 | 0000 0000 | eb00 488b | e8e9 b158 | ffff 4c8b | d0eb 034c | 8bd0 48ff | 7424 3048 
  0x000001cf07d09988: 8f44 2460 | 498b dae9 | e9d9 ffff | 4c8b d048 | ff74 2430 | 488f 4424 | 60eb 034c | 8bd0 498b 
  0x000001cf07d099a8: dae9 cfd9 | ffff ba4d | ffff ff44 | 8b54 2438 | 4489 5424 | 204c 8b54 | 2440 4c89 | 5424 304c 
  0x000001cf07d099c8: 8b54 2448 | 4c89 5424 | 384c 8b54 | 2460 4c89 | 5424 404c | 8b54 2458 | 4c89 5424 | 5044 8b5c 
  0x000001cf07d099e8: 2468 4489 | 5c24 2444 | 8b54 246c | 4489 5424 | 604c 8b54 | 2470 4c89 | 5424 684c | 8b54 2478 
  0x000001cf07d09a08: 4c89 5424 | 704c 8b94 | 2480 0000 | 004c 8954 | 2478 4c8b | d14c 8994 | 2480 0000 | 0048 8984 
  0x000001cf07d09a28: 2490 0000 | 0066 6690 

  0x000001cf07d09a30: ;   {runtime_call UncommonTrapBlob}
  0x000001cf07d09a30: c5f8 77e8 

  0x000001cf07d09a34: ; ImmutableOopMap {[36]=NarrowOop [64]=Oop [80]=Oop [104]=Oop [112]=Oop [120]=Oop [128]=Oop [144]=Oop [152]=Oop [184]=Oop }
                      ;*ifnonnull {reexecute=1 rethrow=0 return_oop=0}
                      ; - (reexecute) java.io.File::<init>@10 (line 364)
                      ; - jdk.internal.loader.URLClassPath$FileLoader::getResource@64 (line 943)
                      ; - jdk.internal.loader.URLClassPath::getResource@50 (line 332)
                      ; - java.net.URLClassLoader::findClass@19 (line 336)
                      ; - java.lang.ClassLoader::loadClass@69 (line 557)
  0x000001cf07d09a34: 28be 94ff 

  0x000001cf07d09a38: ;   {post_call_nop}
  0x000001cf07d09a38: 0f1f 8400 | 0000 0000 | ba4d ffff | ff44 8b5c | 2438 4489 | 5c24 204c | 8b54 2440 | 4c89 5424 
  0x000001cf07d09a58: 304c 8b54 | 2448 4c89 | 5424 384c | 8b54 2460 | 4c89 5424 | 404c 8b54 | 2458 4c89 | 5424 5044 
  0x000001cf07d09a78: 8b54 2468 | 4489 5424 | 244c 8b54 | 2470 448b | 5c24 6c44 | 895c 2460 | 4c89 5424 | 684c 8b54 
  0x000001cf07d09a98: 2478 4c89 | 5424 704c | 8b94 2480 | 0000 004c | 8954 2478 

  0x000001cf07d09aac: ;   {runtime_call UncommonTrapBlob}
  0x000001cf07d09aac: c5f8 77e8 

  0x000001cf07d09ab0: ; ImmutableOopMap {[36]=NarrowOop [64]=Oop [80]=Oop [104]=Oop [112]=Oop [120]=Oop [136]=NarrowOop [144]=Oop [152]=Oop [184]=Oop }
                      ;*ifnull {reexecute=1 rethrow=0 return_oop=0}
                      ; - (reexecute) java.io.File::<init>@22 (line 367)
                      ; - jdk.internal.loader.URLClassPath$FileLoader::getResource@64 (line 943)
                      ; - jdk.internal.loader.URLClassPath::getResource@50 (line 332)
                      ; - java.net.URLClassLoader::findClass@19 (line 336)
                      ; - java.lang.ClassLoader::loadClass@69 (line 557)
  0x000001cf07d09ab0: acbd 94ff 

  0x000001cf07d09ab4: ;   {post_call_nop}
  0x000001cf07d09ab4: 0f1f 8400 | 0000 0000 | 488b d844 | 8b58 0849 | b800 0000 | 0fcf 0100 | 004d 03c3 | e939 d8ff 
  0x000001cf07d09ad4: ff48 8bd8 | e920 d8ff | ff48 8bd8 | e998 d8ff | ff4c 8bd0 | eb03 4c8b | d049 8bda | 458b 5208 
  0x000001cf07d09af4: 49b8 0000 | 000f cf01 | 0000 4d03 | c248 ff74 | 2420 488f | 8424 9800 | 0000 48ff | 7424 2848 
  0x000001cf07d09b14: 8f84 24a0 | 0000 00e9 | eed7 ffff | 4c8b d0e9 | 31d7 ffff | 4c8b d0e9 | 29d7 ffff | 4c8b d0e9 
  0x000001cf07d09b34: 21d7 ffff | 4c8b d0e9 | 19d7 ffff | 4c8b d0e9 | 11d7 ffff | 4c8b d0e9 | 09d7 ffff | baf6 ffff 
  0x000001cf07d09b54: ff44 8b44 | 2438 4489 | 4424 204c | 8b44 2440 | 4c89 4424 | 304c 8b44 | 2448 4c89 | 4424 384c 
  0x000001cf07d09b74: 8b44 2460 | 4c89 4424 | 4044 895c | 2424 4c89 | 5424 7090 

  0x000001cf07d09b88: ;   {runtime_call UncommonTrapBlob}
  0x000001cf07d09b88: c5f8 77e8 

  0x000001cf07d09b8c: ; ImmutableOopMap {[64]=Oop [112]=Oop [152]=Oop [160]=Oop [184]=Oop }
                      ;*invokevirtual getBaseURL {reexecute=0 rethrow=0 return_oop=0}
                      ; - jdk.internal.loader.URLClassPath$FileLoader$1::getCodeSourceURL@4 (line 957)
                      ; - java.net.URLClassLoader::defineClass@13 (line 389)
                      ; - java.net.URLClassLoader::findClass@30 (line 339)
                      ; - java.lang.ClassLoader::loadClass@69 (line 557)
  0x000001cf07d09b8c: d0bc 94ff 

  0x000001cf07d09b90: ;   {post_call_nop}
  0x000001cf07d09b90: 0f1f 8400 | 0000 0000 | baf6 ffff | ff44 8b54 | 2438 4489 | 5424 284c | 8b54 2440 | 4c89 5424 
  0x000001cf07d09bb0: 384c 8b54 | 2448 4c89 | 5424 404c | 8b54 2460 | 4c89 5424 | 484c 8b54 | 2478 4c89 | 5424 7090 
  0x000001cf07d09bd0: ;   {runtime_call UncommonTrapBlob}
  0x000001cf07d09bd0: c5f8 77e8 

  0x000001cf07d09bd4: ; ImmutableOopMap {[32]=Oop [72]=Oop [136]=Oop [152]=Oop [160]=Oop [168]=NarrowOop [184]=Oop }
                      ;*invokevirtual close {reexecute=0 rethrow=0 return_oop=0}
                      ; - jdk.internal.loader.Resource::getBytes@144 (line 121)
                      ; - java.net.URLClassLoader::defineClass@179 (line 421)
                      ; - java.net.URLClassLoader::findClass@30 (line 339)
                      ; - java.lang.ClassLoader::loadClass@69 (line 557)
  0x000001cf07d09bd4: 88bc 94ff 

  0x000001cf07d09bd8: ;   {post_call_nop}
  0x000001cf07d09bd8: 0f1f 8400 | 0000 0000 | baf6 ffff | ff44 8b5c | 2438 4489 | 5c24 204c | 8b54 2440 | 4c89 5424 
  0x000001cf07d09bf8: 304c 8b54 | 2448 4c89 | 5424 384c | 8b54 2460 | 4c89 5424 | 404c 8b54 | 2458 4c89 | 5424 5044 
  0x000001cf07d09c18: 8b5c 2468 | 4489 5c24 | 2444 8b54 | 246c 4489 | 5424 604c | 8b54 2470 | 4c89 5424 | 684c 8b54 
  0x000001cf07d09c38: 2478 4c89 | 5424 704c | 8b94 2480 | 0000 004c | 8954 2478 

  0x000001cf07d09c4c: ;   {runtime_call UncommonTrapBlob}
  0x000001cf07d09c4c: c5f8 77e8 

  0x000001cf07d09c50: ; ImmutableOopMap {[36]=NarrowOop [64]=Oop [80]=Oop [104]=Oop [112]=Oop [120]=Oop [144]=Oop [184]=Oop }
                      ;*invokevirtual isEmpty {reexecute=0 rethrow=0 return_oop=0}
                      ; - java.io.File::<init>@29 (line 368)
                      ; - jdk.internal.loader.URLClassPath$FileLoader::getResource@109 (line 950)
                      ; - jdk.internal.loader.URLClassPath::getResource@50 (line 332)
                      ; - java.net.URLClassLoader::findClass@19 (line 336)
                      ; - java.lang.ClassLoader::loadClass@69 (line 557)
  0x000001cf07d09c50: 0cbc 94ff 

  0x000001cf07d09c54: ;   {post_call_nop}
  0x000001cf07d09c54: 0f1f 8400 | 0000 0000 | baf6 ffff | ff44 8b54 | 2438 4489 | 5424 204c | 8b54 2440 | 4c89 5424 
  0x000001cf07d09c74: 304c 8b54 | 2448 4c89 | 5424 384c | 8b54 2460 | 4c89 5424 | 404c 8b54 | 2458 4c89 | 5424 5044 
  0x000001cf07d09c94: 8b5c 2468 | 4489 5c24 | 2444 8b54 | 246c 4489 | 5424 604c | 8b54 2470 | 4c89 5424 | 684c 8b54 
  0x000001cf07d09cb4: 2478 4c89 | 5424 704c | 8b94 2480 | 0000 004c | 8954 2478 

  0x000001cf07d09cc8: ;   {runtime_call UncommonTrapBlob}
  0x000001cf07d09cc8: c5f8 77e8 

  0x000001cf07d09ccc: ; ImmutableOopMap {[36]=NarrowOop [64]=Oop [80]=Oop [104]=Oop [112]=Oop [120]=Oop [144]=Oop [184]=Oop }
                      ;*arraylength {reexecute=0 rethrow=0 return_oop=0}
                      ; - java.lang.String::isEmpty@4 (line 1593)
                      ; - java.io.File::<init>@29 (line 368)
                      ; - jdk.internal.loader.URLClassPath$FileLoader::getResource@109 (line 950)
                      ; - jdk.internal.loader.URLClassPath::getResource@50 (line 332)
                      ; - java.net.URLClassLoader::findClass@19 (line 336)
                      ; - java.lang.ClassLoader::loadClass@69 (line 557)
  0x000001cf07d09ccc: 90bb 94ff 

  0x000001cf07d09cd0: ;   {post_call_nop}
  0x000001cf07d09cd0: 0f1f 8400 | 0000 0000 | baf6 ffff | ff44 8b54 | 2438 4489 | 5424 204c | 8b54 2440 | 4c89 5424 
  0x000001cf07d09cf0: 304c 8b54 | 2448 4c89 | 5424 384c | 8b54 2460 | 4c89 5424 | 404c 8b54 | 2458 4c89 | 5424 5044 
  0x000001cf07d09d10: 8b54 2468 | 4489 5424 | 244c 8b54 | 2470 448b | 5c24 6c44 | 895c 2460 | 4c89 5424 | 684c 8b54 
  0x000001cf07d09d30: 2478 4c89 | 5424 704c | 8b94 2480 | 0000 004c | 8954 2478 

  0x000001cf07d09d44: ;   {runtime_call UncommonTrapBlob}
  0x000001cf07d09d44: c5f8 77e8 

  0x000001cf07d09d48: ; ImmutableOopMap {[36]=NarrowOop [64]=Oop [80]=Oop [104]=Oop [112]=Oop [120]=Oop [144]=Oop [184]=Oop }
                      ;*arraylength {reexecute=0 rethrow=0 return_oop=0}
                      ; - java.lang.String::length@4 (line 1580)
                      ; - java.lang.String::startsWith@6 (line 2361)
                      ; - java.lang.String::startsWith@3 (line 2403)
                      ; - java.io.WinNTFileSystem::stripLongOrUNCPrefix@3 (line 67)
                      ; - java.io.WinNTFileSystem::normalize@1 (line 120)
                      ; - java.io.File::<init>@73 (line 373)
                      ; - jdk.internal.loader.URLClassPath$FileLoader::getResource@109 (line 950)
                      ; - jdk.internal.loader.URLClassPath::getResource@50 (line 332)
                      ; - java.net.URLClassLoader::findClass@19 (line 336)
                      ; - java.lang.ClassLoader::loadClass@69 (line 557)
  0x000001cf07d09d48: 14bb 94ff 

  0x000001cf07d09d4c: ;   {post_call_nop}
  0x000001cf07d09d4c: 0f1f 8400 | 0000 0000 | baf6 ffff | ff44 8b5c | 2438 4489 | 5c24 204c | 8b54 2440 | 4c89 5424 
  0x000001cf07d09d6c: 304c 8b54 | 2448 4c89 | 5424 384c | 8b54 2460 | 4c89 5424 | 404c 8b54 | 2458 4c89 | 5424 5044 
  0x000001cf07d09d8c: 8b54 2468 | 4489 5424 | 244c 8b54 | 2470 448b | 5c24 6c44 | 895c 2460 | 4c89 5424 | 684c 8b54 
  0x000001cf07d09dac: 2478 4c89 | 5424 704c | 8b94 2480 | 0000 004c | 8954 2478 

  0x000001cf07d09dc0: ;   {runtime_call UncommonTrapBlob}
  0x000001cf07d09dc0: c5f8 77e8 

  0x000001cf07d09dc4: ; ImmutableOopMap {[36]=NarrowOop [64]=Oop [80]=Oop [104]=Oop [112]=Oop [120]=Oop [144]=Oop [184]=Oop }
                      ;*invokevirtual length {reexecute=0 rethrow=0 return_oop=0}
                      ; - java.io.WinNTFileSystem::prefixLength@29 (line 249)
                      ; - java.io.File::<init>@104 (line 378)
                      ; - jdk.internal.loader.URLClassPath$FileLoader::getResource@109 (line 950)
                      ; - jdk.internal.loader.URLClassPath::getResource@50 (line 332)
                      ; - java.net.URLClassLoader::findClass@19 (line 336)
                      ; - java.lang.ClassLoader::loadClass@69 (line 557)
  0x000001cf07d09dc4: 98ba 94ff 

  0x000001cf07d09dc8: ;   {post_call_nop}
  0x000001cf07d09dc8: 0f1f 8400 | 0000 0000 | baf6 ffff | ff44 8b54 | 2438 4489 | 5424 204c | 8b54 2440 | 4c89 5424 
  0x000001cf07d09de8: 304c 8b54 | 2448 4c89 | 5424 384c | 8b54 2460 | 4c89 5424 | 404c 8b54 | 2458 4c89 | 5424 5044 
  0x000001cf07d09e08: 8b54 2468 | 4489 5424 | 244c 8b54 | 2470 448b | 5c24 6c44 | 895c 2460 | 4c89 5424 | 684c 8b54 
  0x000001cf07d09e28: 2478 4c89 | 5424 704c | 8b94 2480 | 0000 004c | 8954 2478 

  0x000001cf07d09e3c: ;   {runtime_call UncommonTrapBlob}
  0x000001cf07d09e3c: c5f8 77e8 

  0x000001cf07d09e40: ; ImmutableOopMap {[36]=NarrowOop [64]=Oop [80]=Oop [104]=Oop [112]=Oop [120]=Oop [144]=Oop [184]=Oop }
                      ;*arraylength {reexecute=0 rethrow=0 return_oop=0}
                      ; - java.lang.String::length@4 (line 1580)
                      ; - java.io.WinNTFileSystem::prefixLength@29 (line 249)
                      ; - java.io.File::<init>@104 (line 378)
                      ; - jdk.internal.loader.URLClassPath$FileLoader::getResource@109 (line 950)
                      ; - jdk.internal.loader.URLClassPath::getResource@50 (line 332)
                      ; - java.net.URLClassLoader::findClass@19 (line 336)
                      ; - java.lang.ClassLoader::loadClass@69 (line 557)
  0x000001cf07d09e40: 1cba 94ff 

  0x000001cf07d09e44: ;   {post_call_nop}
  0x000001cf07d09e44: 0f1f 8400 | 0000 0000 | baf6 ffff | ff44 8b54 | 2438 4489 | 5424 204c | 8b54 2440 | 4c89 5424 
  0x000001cf07d09e64: 304c 8b54 | 2448 4c89 | 5424 384c | 8b54 2460 | 4c89 5424 | 404c 8b54 | 2458 4c89 | 5424 5044 
  0x000001cf07d09e84: 8b54 2468 | 4489 5424 | 244c 8b54 | 2470 448b | 5c24 6c44 | 895c 2460 | 4c89 5424 | 684c 8b54 
  0x000001cf07d09ea4: 2478 4c89 | 5424 704c | 8b94 2480 | 0000 004c | 8954 2478 

  0x000001cf07d09eb8: ;   {runtime_call UncommonTrapBlob}
  0x000001cf07d09eb8: c5f8 77e8 

  0x000001cf07d09ebc: ; ImmutableOopMap {[36]=NarrowOop [64]=Oop [80]=Oop [104]=Oop [112]=Oop [120]=Oop [144]=Oop [184]=Oop }
                      ;*arraylength {reexecute=0 rethrow=0 return_oop=0}
                      ; - java.lang.StringLatin1::charAt@2 (line 46)
                      ; - java.lang.String::charAt@12 (line 1616)
                      ; - java.io.WinNTFileSystem::prefixLength@53 (line 252)
                      ; - java.io.File::<init>@104 (line 378)
                      ; - jdk.internal.loader.URLClassPath$FileLoader::getResource@109 (line 950)
                      ; - jdk.internal.loader.URLClassPath::getResource@50 (line 332)
                      ; - java.net.URLClassLoader::findClass@19 (line 336)
                      ; - java.lang.ClassLoader::loadClass@69 (line 557)
  0x000001cf07d09ebc: a0b9 94ff 

  0x000001cf07d09ec0: ;   {post_call_nop}
  0x000001cf07d09ec0: 0f1f 8400 | 0000 0000 | baf6 ffff | ff44 8b54 | 2438 4489 | 5424 204c | 8b54 2440 | 4c89 5424 
  0x000001cf07d09ee0: 304c 8b54 | 2448 4c89 | 5424 384c | 8b54 2460 | 4c89 5424 | 404c 8b54 | 2458 4c89 | 5424 5044 
  0x000001cf07d09f00: 8b54 2468 | 4489 5424 | 244c 8b54 | 2470 448b | 5c24 6c44 | 895c 2460 | 4c89 5424 | 684c 8b54 
  0x000001cf07d09f20: 2478 4c89 | 5424 704c | 8b94 2480 | 0000 004c | 8954 2478 

  0x000001cf07d09f34: ;   {runtime_call UncommonTrapBlob}
  0x000001cf07d09f34: c5f8 77e8 

  0x000001cf07d09f38: ; ImmutableOopMap {[36]=NarrowOop [64]=Oop [80]=Oop [104]=Oop [112]=Oop [120]=Oop [144]=Oop [184]=Oop }
                      ;*arraylength {reexecute=0 rethrow=0 return_oop=0}
                      ; - java.lang.StringLatin1::charAt@2 (line 46)
                      ; - java.lang.String::charAt@12 (line 1616)
                      ; - java.io.WinNTFileSystem::prefixLength@101 (line 258)
                      ; - java.io.File::<init>@104 (line 378)
                      ; - jdk.internal.loader.URLClassPath$FileLoader::getResource@109 (line 950)
                      ; - jdk.internal.loader.URLClassPath::getResource@50 (line 332)
                      ; - java.net.URLClassLoader::findClass@19 (line 336)
                      ; - java.lang.ClassLoader::loadClass@69 (line 557)
  0x000001cf07d09f38: 24b9 94ff 

  0x000001cf07d09f3c: ;   {post_call_nop}
  0x000001cf07d09f3c: 0f1f 8400 | 0000 0000 | 4c8b d0e9 | 0dd3 ffff | ba76 ffff | ff44 8b5c | 2438 4489 | 5c24 204c 
  0x000001cf07d09f5c: 8b5c 2440 | 4c89 5c24 | 304c 8b5c | 2448 4c89 | 5c24 384c | 8b5c 2460 | 4c89 5c24 | 404c 8b5c 
  0x000001cf07d09f7c: 2478 4c89 | 5c24 684c | 8b9c 2488 | 0000 004c | 895c 2470 | 4c89 4c24 | 7844 8994 | 248c 0000 
  0x000001cf07d09f9c: 0066 6690 

  0x000001cf07d09fa0: ;   {runtime_call UncommonTrapBlob}
  0x000001cf07d09fa0: c5f8 77e8 

  0x000001cf07d09fa4: ; ImmutableOopMap {[64]=Oop [112]=Oop [120]=Oop [128]=Oop [152]=Oop [160]=Oop [168]=NarrowOop [184]=Oop }
                      ;*if_icmpge {reexecute=1 rethrow=0 return_oop=0}
                      ; - (reexecute) jdk.internal.loader.Resource::getBytes@28 (line 94)
                      ; - java.net.URLClassLoader::defineClass@179 (line 421)
                      ; - java.net.URLClassLoader::findClass@30 (line 339)
                      ; - java.lang.ClassLoader::loadClass@69 (line 557)
  0x000001cf07d09fa4: b8b8 94ff 

  0x000001cf07d09fa8: ;   {post_call_nop}
  0x000001cf07d09fa8: 0f1f 8400 | 0000 0000 | ba97 ffff | ff44 8b54 | 2438 4489 | 5424 204c | 8b54 2440 | 4c89 5424 
  0x000001cf07d09fc8: 304c 8b54 | 2448 4c89 | 5424 384c | 8b54 2460 | 4c89 5424 | 404c 8b54 | 2468 4c89 | 5424 484c 
  0x000001cf07d09fe8: 8b54 2470 | 4c89 5424 | 504c 8b54 | 2478 4c89 | 5424 7044 | 8b94 2480 | 0000 0044 | 8954 2478 
  0x000001cf07d0a008: ;   {runtime_call UncommonTrapBlob}
  0x000001cf07d0a008: c5f8 77e8 

  0x000001cf07d0a00c: ; ImmutableOopMap {[36]=NarrowOop [64]=Oop [72]=Oop [80]=Oop [120]=NarrowOop [136]=Oop [184]=Oop }
                      ;*invokevirtual clone {reexecute=1 rethrow=0 return_oop=0}
                      ; - (reexecute) java.util.Arrays::copyOfRange@11 (line 3843)
                      ; - java.lang.StringLatin1::newString@16 (line 856)
                      ; - java.lang.String::substring@41 (line 2917)
                      ; - java.net.URLClassLoader::defineClass@28 (line 391)
                      ; - java.net.URLClassLoader::findClass@30 (line 339)
                      ; - java.lang.ClassLoader::loadClass@69 (line 557)
  0x000001cf07d0a00c: 50b8 94ff 

  0x000001cf07d0a010: ;   {post_call_nop}
  0x000001cf07d0a010: 0f1f 8400 | 0000 0000 | ba4d ffff | ff44 8b5c | 2438 4489 | 5c24 204c | 8b54 2440 | 4c89 5424 
  0x000001cf07d0a030: 304c 8b54 | 2448 4c89 | 5424 384c | 8b54 2460 | 4c89 5424 | 404c 8b54 | 2458 4c89 | 5424 5044 
  0x000001cf07d0a050: 8b54 2468 | 4489 5424 | 244c 8b54 | 2470 448b | 5c24 6c44 | 895c 2460 | 4c89 5424 | 684c 8b54 
  0x000001cf07d0a070: 2478 4c89 | 5424 704c | 8b94 2480 | 0000 004c | 8954 2478 | 4c8b d14c | 8994 2480 | 0000 0048 
  0x000001cf07d0a090: 8984 2490 | 0000 0090 

  0x000001cf07d0a098: ;   {runtime_call UncommonTrapBlob}
  0x000001cf07d0a098: c5f8 77e8 

  0x000001cf07d0a09c: ; ImmutableOopMap {[36]=NarrowOop [64]=Oop [80]=Oop [104]=Oop [112]=Oop [120]=Oop [128]=Oop [144]=Oop [152]=Oop [184]=Oop }
                      ;*ifnonnull {reexecute=1 rethrow=0 return_oop=0}
                      ; - (reexecute) java.io.File::<init>@10 (line 364)
                      ; - jdk.internal.loader.URLClassPath$FileLoader::getResource@109 (line 950)
                      ; - jdk.internal.loader.URLClassPath::getResource@50 (line 332)
                      ; - java.net.URLClassLoader::findClass@19 (line 336)
                      ; - java.lang.ClassLoader::loadClass@69 (line 557)
  0x000001cf07d0a09c: c0b7 94ff 

  0x000001cf07d0a0a0: ;   {post_call_nop}
  0x000001cf07d0a0a0: 0f1f 8400 | 0000 0000 | ba4d ffff | ff44 8b54 | 2438 4489 | 5424 204c | 8b54 2440 | 4c89 5424 
  0x000001cf07d0a0c0: 304c 8b54 | 2448 4c89 | 5424 384c | 8b54 2460 | 4c89 5424 | 404c 8b54 | 2458 4c89 | 5424 5044 
  0x000001cf07d0a0e0: 8b5c 2468 | 4489 5c24 | 2444 8b54 | 246c 4489 | 5424 604c | 8b54 2470 | 4c89 5424 | 684c 8b54 
  0x000001cf07d0a100: 2478 4c89 | 5424 704c | 8b94 2480 | 0000 004c | 8954 2478 

  0x000001cf07d0a114: ;   {runtime_call UncommonTrapBlob}
  0x000001cf07d0a114: c5f8 77e8 

  0x000001cf07d0a118: ; ImmutableOopMap {[36]=NarrowOop [64]=Oop [80]=Oop [104]=Oop [112]=Oop [120]=Oop [136]=NarrowOop [144]=Oop [152]=Oop [184]=Oop }
                      ;*ifnull {reexecute=1 rethrow=0 return_oop=0}
                      ; - (reexecute) java.io.File::<init>@22 (line 367)
                      ; - jdk.internal.loader.URLClassPath$FileLoader::getResource@109 (line 950)
                      ; - jdk.internal.loader.URLClassPath::getResource@50 (line 332)
                      ; - java.net.URLClassLoader::findClass@19 (line 336)
                      ; - java.lang.ClassLoader::loadClass@69 (line 557)
  0x000001cf07d0a118: 44b7 94ff 

  0x000001cf07d0a11c: ;   {post_call_nop}
  0x000001cf07d0a11c: 0f1f 8400 | 0000 0000 | 4c8b d0e9 | 6fd0 ffff | 4c8b d0e9 | 67d0 ffff | 4c8b d0e9 | 5fd0 ffff 
  0x000001cf07d0a13c: 4c8b d0e9 | 57d0 ffff | 4c8b d0e9 | 4fd0 ffff | 4c8b d0e9 | 47d0 ffff | 4c8b d0e9 | 3fd0 ffff 
  0x000001cf07d0a15c: 4c8b d0e9 | 37d0 ffff | 4c8b d0e9 | 2fd0 ffff | 4c8b d0e9 | 27d0 ffff | 4c8b d0e9 | 1fd0 ffff 
  0x000001cf07d0a17c: 4c8b d0e9 | 17d0 ffff | 4c8b d0e9 | 0fd0 ffff | 4c8b d0e9 | 07d0 ffff | 4c8b d0e9 | ffcf ffff 
  0x000001cf07d0a19c: 4c8b d0e9 | f7cf ffff | 4c8b d0e9 | efcf ffff | eb09 488b | e8eb 07eb | 02eb 0048 | 8be8 ba9d 
  0x000001cf07d0a1bc: ffff ff44 | 8b54 2438 | 4489 5424 | 284c 8b54 | 2440 4c89 | 5424 384c | 8b54 2448 | 4c89 5424 
  0x000001cf07d0a1dc: 404c 8b54 | 2460 4c89 | 5424 4844 | 8b94 2480 | 0000 0044 | 8954 242c 

  0x000001cf07d0a1f4: ;   {runtime_call UncommonTrapBlob}
  0x000001cf07d0a1f4: c5f8 77e8 

  0x000001cf07d0a1f8: ; ImmutableOopMap {rbp=Oop [44]=NarrowOop [72]=Oop [88]=Oop [104]=Oop [112]=Oop [144]=Oop [184]=Oop [248]=Oop }
                      ;*astore {reexecute=0 rethrow=0 return_oop=0}
                      ; - java.util.jar.JarFile::getManifestFromReference@158 (line 419)
                      ; - java.util.jar.JarFile::getManifest@1 (line 393)
                      ; - jdk.internal.loader.URLClassPath$JarLoader$1::getManifest@22 (line 721)
                      ; - java.net.URLClassLoader::defineClass@34 (line 393)
                      ; - java.net.URLClassLoader::findClass@30 (line 339)
                      ; - java.lang.ClassLoader::loadClass@69 (line 557)
  0x000001cf07d0a1f8: 64b6 94ff 

  0x000001cf07d0a1fc: ;   {post_call_nop}
  0x000001cf07d0a1fc: 0f1f 8400 | 0000 0000 | 4c8b d0eb | 0d4c 8bd0 | eb08 4c8b | d0eb 034c | 8bd0 498b | da45 8b42 
  0x000001cf07d0a21c: 0849 bb00 | 0000 0fcf | 0100 004d | 03d8 e976 | 88ff ff48 | 8bd8 448b | 5008 49bb | 0000 000f 
  0x000001cf07d0a23c: cf01 0000 | 4d03 da4d 

  0x000001cf07d0a244: ;   {metadata('java/lang/Exception')}
  0x000001cf07d0a244: 8b53 4049 | bbe8 f41b | 0fcf 0100 | 004d 3bd3 | 0f84 6288 | ffff e91e | d1ff ff48 | 8bd8 448b 
  0x000001cf07d0a264: 5808 49ba | 0000 000f | cf01 0000 | 4d03 d34d 

  0x000001cf07d0a274: ;   {metadata('java/lang/Exception')}
  0x000001cf07d0a274: 8b52 4049 | bbe8 f41b | 0fcf 0100 | 004d 3bd3 | 0f84 3288 | ffff e9ee | d0ff ff48 | 8bd8 448b 
  0x000001cf07d0a294: 5808 49ba | 0000 000f | cf01 0000 | 4d03 d34d 

  0x000001cf07d0a2a4: ;   {metadata('java/lang/Exception')}
  0x000001cf07d0a2a4: 8b52 4049 | bbe8 f41b | 0fcf 0100 | 004d 3bd3 | 0f84 0288 | ffff e9be | d0ff ff48 | 8bd8 448b 
  0x000001cf07d0a2c4: 4008 49bb | 0000 000f | cf01 0000 | 4d03 d8eb | 1448 8bd8 | 448b 5008 | 49bb 0000 | 000f cf01 
  0x000001cf07d0a2e4: 0000 4d03 | da4d 8b53 

  0x000001cf07d0a2ec: ;   {metadata('java/io/IOException')}
  0x000001cf07d0a2ec: 4849 bbd8 | 381c 0fcf | 0100 004d | 3bd3 0f85 | fdcf ffff | 488b ebba | 9dff ffff | 448b 5c24 
  0x000001cf07d0a30c: 3844 895c | 2430 48ff | 7424 6048 | 8f44 2450 

  0x000001cf07d0a31c: ;   {runtime_call UncommonTrapBlob}
  0x000001cf07d0a31c: c5f8 77e8 

  0x000001cf07d0a320: ; ImmutableOopMap {rbp=Oop [32]=Oop [80]=Oop [136]=Oop [152]=Oop [160]=Oop [168]=NarrowOop [184]=Oop }
                      ;*astore_3 {reexecute=0 rethrow=0 return_oop=0}
                      ; - jdk.internal.loader.Resource::getBytes@150 (line 122)
                      ; - java.net.URLClassLoader::defineClass@179 (line 421)
                      ; - java.net.URLClassLoader::findClass@30 (line 339)
                      ; - java.lang.ClassLoader::loadClass@69 (line 557)
  0x000001cf07d0a320: 3cb5 94ff 

  0x000001cf07d0a324: ;   {post_call_nop}
  0x000001cf07d0a324: 0f1f 8400 | 0000 0000 | 488b e8eb | 11eb 0ceb | 0548 8be8 | eb08 488b | e8eb 0348 | 8be8 ba9d 
  0x000001cf07d0a344: ffff ff44 | 8b54 2438 | 4489 5424 | 284c 8b54 | 2440 4c89 | 5424 384c | 8b54 2448 | 4c89 5424 
  0x000001cf07d0a364: 404c 8b54 | 2460 4c89 | 5424 484c | 8b54 2478 | 4c89 5424 | 7066 6690 

  0x000001cf07d0a37c: ;   {runtime_call UncommonTrapBlob}
  0x000001cf07d0a37c: c5f8 77e8 

  0x000001cf07d0a380: ; ImmutableOopMap {rbp=Oop [72]=Oop [128]=Oop [136]=Oop [152]=Oop [160]=Oop [168]=NarrowOop [184]=Oop }
                      ;*astore {reexecute=0 rethrow=0 return_oop=0}
                      ; - jdk.internal.loader.Resource::getBytes@154 (line 120)
                      ; - java.net.URLClassLoader::defineClass@179 (line 421)
                      ; - java.net.URLClassLoader::findClass@30 (line 339)
                      ; - java.lang.ClassLoader::loadClass@69 (line 557)
  0x000001cf07d0a380: dcb4 94ff 

  0x000001cf07d0a384: ;   {post_call_nop}
  0x000001cf07d0a384: 0f1f 8400 | 0000 0000 | 488b d844 | 8b58 0849 | ba00 0000 | 0fcf 0100 | 004d 03d3 | 4d8b 5240 
  0x000001cf07d0a3a4: ;   {metadata('java/lang/Exception')}
  0x000001cf07d0a3a4: 49bb e8f4 | 1b0f cf01 | 0000 4d3b | d30f 8405 | 87ff ffe9 | c1cf ffff | 418b e8eb | 0341 8beb 
  0x000001cf07d0a3c4: baf6 ffff | ff44 8b44 | 2438 4489 | 4424 284c | 8b5c 2440 | 4c89 5c24 | 384c 8b5c | 2448 4c89 
  0x000001cf07d0a3e4: 5c24 404c | 8b5c 2460 | 4c89 5c24 | 484c 8b5c | 2478 4c89 | 5c24 704c | 8b9c 2488 | 0000 004c 
  0x000001cf07d0a404: 895c 2478 | 4889 8c24 | 8000 0000 | 4489 9424 | 8800 0000 

  0x000001cf07d0a418: ;   {runtime_call UncommonTrapBlob}
  0x000001cf07d0a418: c5f8 77e8 

  0x000001cf07d0a41c: ; ImmutableOopMap {[72]=Oop [120]=Oop [128]=Oop [152]=Oop [160]=Oop [168]=NarrowOop [184]=Oop }
                      ;*arraylength {reexecute=0 rethrow=0 return_oop=0}
                      ; - jdk.internal.loader.Resource::getBytes@34 (line 96)
                      ; - java.net.URLClassLoader::defineClass@179 (line 421)
                      ; - java.net.URLClassLoader::findClass@30 (line 339)
                      ; - java.lang.ClassLoader::loadClass@69 (line 557)
  0x000001cf07d0a41c: 40b4 94ff 

  0x000001cf07d0a420: ;   {post_call_nop}
  0x000001cf07d0a420: 0f1f 8400 | 0000 0000 | 488b d844 | 8b40 0849 | bb00 0000 | 0fcf 0100 | 004d 03d8 | e964 86ff 
  0x000001cf07d0a440: ff48 8bd8 | 448b 5008 | 49bb 0000 | 000f cf01 | 0000 4d03 | dae9 4b86 | ffff 488b | d844 8b40 
  0x000001cf07d0a460: 0849 bb00 | 0000 0fcf | 0100 004d | 03d8 e932 | 86ff ff48 | 8bd8 448b | 5808 49ba | 0000 000f 
  0x000001cf07d0a480: cf01 0000 | 4d03 d3eb | 6848 8bd8 | 448b 5808 | 49ba 0000 | 000f cf01 | 0000 4d03 | d3eb 5248 
  0x000001cf07d0a4a0: 8bd8 448b | 4008 49ba | 0000 000f | cf01 0000 | 4d03 d0eb | 3c4c 8bd0 | eb0d 4c8b | d0eb 084c 
  0x000001cf07d0a4c0: 8bd0 eb03 | 4c8b d049 | 8bda 458b | 4208 49ba | 0000 000f | cf01 0000 | 4d03 d0eb | 1448 8bd8 
  0x000001cf07d0a4e0: 448b 4008 | 49ba 0000 | 000f cf01 | 0000 4d03 | d04d 8b52 

  0x000001cf07d0a4f4: ;   {metadata('java/lang/Exception')}
  0x000001cf07d0a4f4: 4049 bbe8 | f41b 0fcf | 0100 004d | 3bd3 0f84 | b485 ffff | e970 ceff | ff45 8b02 | 4983 f800 
  0x000001cf07d0a514: 0f84 5e4a | ffff 4d8b | 4f38 4d85 | c90f 8414 | 0000 0049 | 83e9 084d | 894f 384d | 034f 404d 
  0x000001cf07d0a534: 8901 e93d | 4aff ff48 | 83ec 404c | 8954 2438 | 4c89 5c24 | 3048 8944 | 2428 498b | c849 8bd7 
  0x000001cf07d0a554: ;   {runtime_call}
  0x000001cf07d0a554: 48b8 9049 | 43cf fc7f | 0000 ffd0 | 488b 4424 | 284c 8b5c | 2430 4c8b | 5424 38c5 | f877 4883 
  0x000001cf07d0a574: c440 e9fd | 49ff fff0 | 8344 24c0 | 0041 8039 | 000f 842b | 4aff ff41 | c601 004d | 8b47 504d 
  0x000001cf07d0a594: 85c0 0f84 | 1400 0000 | 4983 e808 | 4d89 4750 | 4d03 4758 | 4d89 08e9 | 064a ffff | 4883 ec30 
  0x000001cf07d0a5b4: 4c89 5c24 | 2848 8944 | 2420 498b | c949 8bd7 

  0x000001cf07d0a5c4: ;   {runtime_call}
  0x000001cf07d0a5c4: 48b8 7049 | 43cf fc7f | 0000 ffd0 | 488b 4424 | 204c 8b5c | 2428 c5f8 | 7748 83c4 | 30e9 d049 
  0x000001cf07d0a5e4: ffff 458b | 1a49 83fb | 000f 8484 | 4eff ff4d | 8b47 384d | 85c0 0f84 | 1400 0000 | 4983 e808 
  0x000001cf07d0a604: 4d89 4738 | 4d03 4740 | 4d89 18e9 | 634e ffff | 4883 ec30 | 4c89 5424 | 2848 8974 | 2420 498b 
  0x000001cf07d0a624: cb49 8bd7 

  0x000001cf07d0a628: ;   {runtime_call}
  0x000001cf07d0a628: 48b8 9049 | 43cf fc7f | 0000 ffd0 | 488b 7424 | 204c 8b54 | 2428 c5f8 | 7748 83c4 | 30e9 2d4e 
  0x000001cf07d0a648: ffff f083 | 4424 c000 | 4180 3800 | 0f84 514e | ffff 41c6 | 0000 4d8b | 5f50 4d85 | db0f 8414 
  0x000001cf07d0a668: 0000 0049 | 83eb 084d | 895f 504d | 035f 584d | 8903 e92c | 4eff ff48 | 83ec 2049 | 8bc8 498b 
  0x000001cf07d0a688: ;   {runtime_call}
  0x000001cf07d0a688: d748 b870 | 4943 cffc | 7f00 00ff | d0c5 f877 | 4883 c420 | e90a 4eff | ff49 83fb | 000f 84e6 
  0x000001cf07d0a6a8: 4fff ff4d | 8b57 384d | 85d2 0f84 | 1400 0000 | 4983 ea08 | 4d89 5738 | 4d03 5740 | 4d89 1ae9 
  0x000001cf07d0a6c8: c54f ffff | 4883 ec30 | 4c89 4c24 | 2848 894c | 2420 498b | cb49 8bd7 

  0x000001cf07d0a6e0: ;   {runtime_call}
  0x000001cf07d0a6e0: 48b8 9049 | 43cf fc7f | 0000 ffd0 | 488b 4c24 | 204c 8b4c | 2428 c5f8 | 7748 83c4 | 30e9 8f4f 
  0x000001cf07d0a700: ffff 418b | 0848 83f9 | 000f 8452 | 69ff ff49 | 8b5f 3848 | 85db 0f84 | 1400 0000 | 4883 eb08 
  0x000001cf07d0a720: 4989 5f38 | 4903 5f40 | 4889 0be9 | 3169 ffff | 4883 ec50 | 4c89 5424 | 484c 895c | 2440 4c89 
  0x000001cf07d0a740: 4424 384c | 894c 2430 | 4889 4424 | 2849 8bd7 

  0x000001cf07d0a750: ;   {runtime_call}
  0x000001cf07d0a750: 48b8 9049 | 43cf fc7f | 0000 ffd0 | 488b 4424 | 284c 8b4c | 2430 4c8b | 4424 384c | 8b5c 2440 
  0x000001cf07d0a770: 4c8b 5424 | 48c5 f877 | 4883 c450 | e9e0 68ff | fff0 8344 | 24c0 0080 | 3b00 0f84 | 0469 ffff 
  0x000001cf07d0a790: c603 0049 | 8b4f 5048 | 85c9 0f84 | 1400 0000 | 4883 e908 | 4989 4f50 | 4903 4f58 | 4889 19e9 
  0x000001cf07d0a7b0: e068 ffff | 4883 ec40 | 4c89 5424 | 384c 895c | 2430 4c89 | 4c24 2848 | 8944 2420 | 488b cb49 
  0x000001cf07d0a7d0: ;   {runtime_call}
  0x000001cf07d0a7d0: 8bd7 48b8 | 7049 43cf | fc7f 0000 | ffd0 488b | 4424 204c | 8b4c 2428 | 4c8b 5c24 | 304c 8b54 
  0x000001cf07d0a7f0: 2438 c5f8 | 7748 83c4 | 40e9 9668 | ffff 418b | 0848 83f9 | 000f 8498 | 68ff ff4d | 8b4f 384d 
  0x000001cf07d0a810: 85c9 0f84 | 1400 0000 | 4983 e908 | 4d89 4f38 | 4d03 4f40 | 4989 09e9 | 7768 ffff | 4883 ec40 
  0x000001cf07d0a830: 4c89 5424 | 384c 895c | 2430 4c89 | 4424 2848 | 8944 2420 

  0x000001cf07d0a844: ;   {runtime_call}
  0x000001cf07d0a844: 498b d748 | b890 4943 | cffc 7f00 | 00ff d048 | 8b44 2420 | 4c8b 4424 | 284c 8b5c | 2430 4c8b 
  0x000001cf07d0a864: 5424 38c5 | f877 4883 | c440 e930 | 68ff fff0 | 8344 24c0 | 0041 8039 | 000f 845e | 68ff ff41 
  0x000001cf07d0a884: c601 0049 | 8b4f 5048 | 85c9 0f84 | 1400 0000 | 4883 e908 | 4989 4f50 | 4903 4f58 | 4c89 09e9 
  0x000001cf07d0a8a4: 3968 ffff | 4883 ec30 | 4c89 5c24 | 2848 8944 | 2420 498b | c949 8bd7 

  0x000001cf07d0a8bc: ;   {runtime_call}
  0x000001cf07d0a8bc: 48b8 7049 | 43cf fc7f | 0000 ffd0 | 488b 4424 | 204c 8b5c | 2428 c5f8 | 7748 83c4 | 30e9 0368 
  0x000001cf07d0a8dc: ffff 458b | 0349 83f8 | 000f 8469 | 68ff ff4d | 8b57 384d | 85d2 0f84 | 1400 0000 | 4983 ea08 
  0x000001cf07d0a8fc: 4d89 5738 | 4d03 5740 | 4d89 02e9 | 4868 ffff | 4883 ec40 | 4c89 5c24 | 384c 894c | 2430 4889 
  0x000001cf07d0a91c: 4424 2849 | 8bc8 498b 

  0x000001cf07d0a924: ;   {runtime_call}
  0x000001cf07d0a924: d748 b890 | 4943 cffc | 7f00 00ff | d048 8b44 | 2428 4c8b | 4c24 304c | 8b5c 2438 | c5f8 7748 
  0x000001cf07d0a944: 83c4 40e9 | 0868 ffff | f083 4424 | c000 4180 | 3a00 0f84 | 2c68 ffff | 41c6 0200 | 4d8b 4750 
  0x000001cf07d0a964: 4d85 c00f | 8414 0000 | 0049 83e8 | 084d 8947 | 504d 0347 | 584d 8910 | e907 68ff | ff48 83ec 
  0x000001cf07d0a984: 304c 894c | 2428 498b | ca49 8bd7 

  0x000001cf07d0a990: ;   {runtime_call}
  0x000001cf07d0a990: 48b8 7049 | 43cf fc7f | 0000 ffd0 | 4c8b 4c24 | 28c5 f877 | 4883 c430 | e9db 67ff | ff45 8b08 
  0x000001cf07d0a9b0: 4983 f900 | 0f84 0568 | ffff 4d8b | 5738 4d85 | d20f 8414 | 0000 0049 | 83ea 084d | 8957 384d 
  0x000001cf07d0a9d0: 0357 404d | 890a e9e4 | 67ff ff48 | 83ec 404c | 895c 2438 | 4c89 4424 | 3048 894c | 2428 498b 
  0x000001cf07d0a9f0: c949 8bd7 

  0x000001cf07d0a9f4: ;   {runtime_call}
  0x000001cf07d0a9f4: 48b8 9049 | 43cf fc7f | 0000 ffd0 | 488b 4c24 | 284c 8b44 | 2430 4c8b | 5c24 38c5 | f877 4883 
  0x000001cf07d0aa14: c440 e9a4 | 67ff fff0 | 8344 24c0 | 0080 3900 | 0f84 1369 | ffff c601 | 004d 8b47 | 504d 85c0 
  0x000001cf07d0aa34: 0f84 1400 | 0000 4983 | e808 4d89 | 4750 4d03 | 4758 4989 | 08e9 ef68 | ffff 4883 | ec40 4c89 
  0x000001cf07d0aa54: 5c24 3848 | 897c 2430 | 4889 5424 | 2848 8974 | 2420 498b 

  0x000001cf07d0aa68: ;   {runtime_call}
  0x000001cf07d0aa68: d748 b870 | 4943 cffc | 7f00 00ff | d048 8b74 | 2420 488b | 5424 2848 | 8b7c 2430 | 4c8b 5c24 
  0x000001cf07d0aa88: 38c5 f877 | 4883 c440 | e9a8 68ff | fff0 8344 | 24c0 0080 | 3a00 0f84 | df68 ffff | c602 0049 
  0x000001cf07d0aaa8: 8b5f 5048 | 85db 0f84 | 1400 0000 | 4883 eb08 | 4989 5f50 | 4903 5f58 | 4889 13e9 | bb68 ffff 
  0x000001cf07d0aac8: 4883 ec30 | 4c89 5c24 | 2848 897c | 2420 488b | ca49 8bd7 

  0x000001cf07d0aadc: ;   {runtime_call}
  0x000001cf07d0aadc: 48b8 7049 | 43cf fc7f | 0000 ffd0 | 488b 7c24 | 204c 8b5c | 2428 c5f8 | 7748 83c4 | 30e9 8568 
  0x000001cf07d0aafc: ffff 458b | 0849 83f9 | 000f 84a1 | 69ff ff4d | 8b5f 384d | 85db 0f84 | 1400 0000 | 4983 eb08 
  0x000001cf07d0ab1c: 4d89 5f38 | 4d03 5f40 | 4d89 0be9 | 8069 ffff | 4883 ec50 | 4c89 5424 | 484c 8944 | 2440 4889 
  0x000001cf07d0ab3c: 4c24 3848 | 897c 2430 | 4889 4424 | 2849 8bc9 

  0x000001cf07d0ab4c: ;   {runtime_call}
  0x000001cf07d0ab4c: 498b d748 | b890 4943 | cffc 7f00 | 00ff d048 | 8b44 2428 | 488b 7c24 | 3048 8b4c | 2438 4c8b 
  0x000001cf07d0ab6c: 4424 404c | 8b54 2448 | c5f8 7748 | 83c4 50e9 | 2c69 ffff | f083 4424 | c000 4180 | 3b00 0f84 
  0x000001cf07d0ab8c: 5069 ffff | 41c6 0300 | 4d8b 4f50 | 4d85 c90f | 8414 0000 | 0049 83e9 | 084d 894f | 504d 034f 
  0x000001cf07d0abac: 584d 8919 | e92b 69ff | ff48 83ec | 404c 8954 | 2438 4889 | 4c24 3048 | 897c 2428 | 4889 4424 
  0x000001cf07d0abcc: 2049 8bcb 

  0x000001cf07d0abd0: ;   {runtime_call}
  0x000001cf07d0abd0: 498b d748 | b870 4943 | cffc 7f00 | 00ff d048 | 8b44 2420 | 488b 7c24 | 2848 8b4c | 2430 4c8b 
  0x000001cf07d0abf0: 5424 38c5 | f877 4883 | c440 e9e1 | 68ff ff45 | 8b03 4983 | f800 0f84 | e368 ffff | 4d8b 4f38 
  0x000001cf07d0ac10: 4d85 c90f | 8414 0000 | 0049 83e9 | 084d 894f | 384d 034f | 404d 8901 | e9c2 68ff | ff48 83ec 
  0x000001cf07d0ac30: 404c 8954 | 2438 4c89 | 5c24 3048 | 894c 2428 | 4889 4424 | 2049 8bc8 

  0x000001cf07d0ac48: ;   {runtime_call}
  0x000001cf07d0ac48: 498b d748 | b890 4943 | cffc 7f00 | 00ff d048 | 8b44 2420 | 488b 4c24 | 284c 8b5c | 2430 4c8b 
  0x000001cf07d0ac68: 5424 38c5 | f877 4883 | c440 e978 | 68ff fff0 | 8344 24c0 | 0041 8039 | 000f 849c | 68ff ff41 
  0x000001cf07d0ac88: c601 004d | 8b47 504d | 85c0 0f84 | 1400 0000 | 4983 e808 | 4d89 4750 | 4d03 4758 | 4d89 08e9 
  0x000001cf07d0aca8: 7768 ffff | 4883 ec30 | 4c89 5424 | 2848 894c | 2420 498b | c949 8bd7 

  0x000001cf07d0acc0: ;   {runtime_call}
  0x000001cf07d0acc0: 48b8 7049 | 43cf fc7f | 0000 ffd0 | 488b 4c24 | 204c 8b54 | 2428 c5f8 | 7748 83c4 | 30e9 4168 
  0x000001cf07d0ace0: ffff 458b | 0349 83f8 | 000f 8459 | 69ff ff4d | 8b57 384d | 85d2 0f84 | 1400 0000 | 4983 ea08 
  0x000001cf07d0ad00: 4d89 5738 | 4d03 5740 | 4d89 02e9 | 3869 ffff | 4883 ec40 | 4c89 5c24 | 384c 894c | 2430 4889 
  0x000001cf07d0ad20: 4424 2849 | 8bc8 498b 

  0x000001cf07d0ad28: ;   {runtime_call}
  0x000001cf07d0ad28: d748 b890 | 4943 cffc | 7f00 00ff | d048 8b44 | 2428 4c8b | 4c24 304c | 8b5c 2438 | c5f8 7748 
  0x000001cf07d0ad48: 83c4 40e9 | f868 ffff | f083 4424 | c000 4180 | 3a00 0f84 | 1c69 ffff | 41c6 0200 | 4d8b 4750 
  0x000001cf07d0ad68: 4d85 c00f | 8414 0000 | 0049 83e8 | 084d 8947 | 504d 0347 | 584d 8910 | e9f7 68ff | ff48 83ec 
  0x000001cf07d0ad88: 304c 894c | 2428 4889 | 4424 2049 | 8bca 498b 

  0x000001cf07d0ad98: ;   {runtime_call}
  0x000001cf07d0ad98: d748 b870 | 4943 cffc | 7f00 00ff | d048 8b44 | 2420 4c8b | 4c24 28c5 | f877 4883 | c430 e9c1 
  0x000001cf07d0adb8: 68ff ff45 | 8b1a 4983 | fb00 0f84 | c368 ffff | 4d8b 4738 | 4d85 c00f | 8414 0000 | 0049 83e8 
  0x000001cf07d0add8: 084d 8947 | 384d 0347 | 404d 8918 | e9a2 68ff | ff48 83ec | 404c 8954 | 2438 4c89 | 4c24 3048 
  0x000001cf07d0adf8: 8944 2428 | 498b cb49 

  0x000001cf07d0ae00: ;   {runtime_call}
  0x000001cf07d0ae00: 8bd7 48b8 | 9049 43cf | fc7f 0000 | ffd0 488b | 4424 284c | 8b4c 2430 | 4c8b 5424 | 38c5 f877 
  0x000001cf07d0ae20: 4883 c440 | e962 68ff | fff0 8344 | 24c0 0041 | 8038 000f | 8486 68ff | ff41 c600 | 004d 8b5f 
  0x000001cf07d0ae40: 504d 85db | 0f84 1400 | 0000 4983 | eb08 4d89 | 5f50 4d03 | 5f58 4d89 | 03e9 6168 | ffff 4883 
  0x000001cf07d0ae60: ec30 4c89 | 4c24 2849 | 8bc8 498b 

  0x000001cf07d0ae6c: ;   {runtime_call}
  0x000001cf07d0ae6c: d748 b870 | 4943 cffc | 7f00 00ff | d04c 8b4c | 2428 c5f8 | 7748 83c4 | 30e9 3568 | ffff 418b 
  0x000001cf07d0ae8c: 0848 83f9 | 000f 842d | 69ff ff49 | 8b5f 3848 | 85db 0f84 | 1400 0000 | 4883 eb08 | 4989 5f38 
  0x000001cf07d0aeac: 4903 5f40 | 4889 0be9 | 0c69 ffff | 4883 ec50 | 4c89 5424 | 484c 895c | 2440 4c89 | 4424 384c 
  0x000001cf07d0aecc: 894c 2430 | 4889 4424 | 2849 8bd7 

  0x000001cf07d0aed8: ;   {runtime_call}
  0x000001cf07d0aed8: 48b8 9049 | 43cf fc7f | 0000 ffd0 | 488b 4424 | 284c 8b4c | 2430 4c8b | 4424 384c | 8b5c 2440 
  0x000001cf07d0aef8: 4c8b 5424 | 48c5 f877 | 4883 c450 | e9bb 68ff | fff0 8344 | 24c0 0080 | 3b00 0f84 | df68 ffff 
  0x000001cf07d0af18: c603 0049 | 8b4f 5048 | 85c9 0f84 | 1400 0000 | 4883 e908 | 4989 4f50 | 4903 4f58 | 4889 19e9 
  0x000001cf07d0af38: bb68 ffff | 4883 ec40 | 4c89 5424 | 384c 895c | 2430 4c89 | 4c24 2848 | 8944 2420 | 488b cb49 
  0x000001cf07d0af58: ;   {runtime_call}
  0x000001cf07d0af58: 8bd7 48b8 | 7049 43cf | fc7f 0000 | ffd0 488b | 4424 204c | 8b4c 2428 | 4c8b 5c24 | 304c 8b54 
  0x000001cf07d0af78: 2438 c5f8 | 7748 83c4 | 40e9 7168 | ffff 418b | 0848 83f9 | 000f 8473 | 68ff ff4d | 8b4f 384d 
  0x000001cf07d0af98: 85c9 0f84 | 1400 0000 | 4983 e908 | 4d89 4f38 | 4d03 4f40 | 4989 09e9 | 5268 ffff | 4883 ec40 
  0x000001cf07d0afb8: 4c89 5424 | 384c 895c | 2430 4c89 | 4424 2848 | 8944 2420 

  0x000001cf07d0afcc: ;   {runtime_call}
  0x000001cf07d0afcc: 498b d748 | b890 4943 | cffc 7f00 | 00ff d048 | 8b44 2420 | 4c8b 4424 | 284c 8b5c | 2430 4c8b 
  0x000001cf07d0afec: 5424 38c5 | f877 4883 | c440 e90b | 68ff fff0 | 8344 24c0 | 0041 8039 | 000f 842f | 68ff ff41 
  0x000001cf07d0b00c: c601 0049 | 8b4f 5048 | 85c9 0f84 | 1400 0000 | 4883 e908 | 4989 4f50 | 4903 4f58 | 4c89 09e9 
  0x000001cf07d0b02c: 0a68 ffff | 4883 ec30 | 4c89 5c24 | 2848 8944 | 2420 498b | c949 8bd7 

  0x000001cf07d0b044: ;   {runtime_call}
  0x000001cf07d0b044: 48b8 7049 | 43cf fc7f | 0000 ffd0 | 488b 4424 | 204c 8b5c | 2428 c5f8 | 7748 83c4 | 30e9 d467 
  0x000001cf07d0b064: ffff 458b | 0149 83f8 | 000f 8421 | 68ff ff49 | 8b4f 3848 | 85c9 0f84 | 1400 0000 | 4883 e908 
  0x000001cf07d0b084: 4989 4f38 | 4903 4f40 | 4c89 01e9 | 0068 ffff | 4883 ec40 | 4c89 5424 | 384c 895c | 2430 4c89 
  0x000001cf07d0b0a4: 4c24 2848 | 8944 2420 | 498b c849 

  0x000001cf07d0b0b0: ;   {runtime_call}
  0x000001cf07d0b0b0: 8bd7 48b8 | 9049 43cf | fc7f 0000 | ffd0 488b | 4424 204c | 8b4c 2428 | 4c8b 5c24 | 304c 8b54 
  0x000001cf07d0b0d0: 2438 c5f8 | 7748 83c4 | 40e9 b667 | ffff f083 | 4424 c000 | 8039 000f | 84da 67ff | ffc6 0100 
  0x000001cf07d0b0f0: 4d8b 4750 | 4d85 c00f | 8414 0000 | 0049 83e8 | 084d 8947 | 504d 0347 | 5849 8908 | e9b6 67ff 
  0x000001cf07d0b110: ff48 83ec | 304c 8954 | 2428 4c89 | 5c24 2049 

  0x000001cf07d0b120: ;   {runtime_call}
  0x000001cf07d0b120: 8bd7 48b8 | 7049 43cf | fc7f 0000 | ffd0 4c8b | 5c24 204c | 8b54 2428 | c5f8 7748 | 83c4 30e9 
  0x000001cf07d0b140: 8367 ffff | 458b 0849 | 83f9 000f | 844d 68ff | ff49 8b4f | 3848 85c9 | 0f84 1400 | 0000 4883 
  0x000001cf07d0b160: e908 4989 | 4f38 4903 | 4f40 4c89 | 09e9 2c68 | ffff 4883 | ec50 4c89 | 5424 484c | 895c 2440 
  0x000001cf07d0b180: 4c89 4424 | 3848 8954 | 2430 4889 | 7424 2849 | 8bc9 498b 

  0x000001cf07d0b194: ;   {runtime_call}
  0x000001cf07d0b194: d748 b890 | 4943 cffc | 7f00 00ff | d048 8b74 | 2428 488b | 5424 304c | 8b44 2438 | 4c8b 5c24 
  0x000001cf07d0b1b4: 404c 8b54 | 2448 c5f8 | 7748 83c4 | 50e9 d867 | ffff f083 | 4424 c000 | 8039 000f | 84fc 67ff 
  0x000001cf07d0b1d4: ffc6 0100 | 4d8b 4f50 | 4d85 c90f | 8414 0000 | 0049 83e9 | 084d 894f | 504d 034f | 5849 8909 
  0x000001cf07d0b1f4: e9d8 67ff | ff48 83ec | 404c 8954 | 2438 4c89 | 5c24 3048 | 8954 2428 | 4889 7424 | 2049 8bd7 
  0x000001cf07d0b214: ;   {runtime_call}
  0x000001cf07d0b214: 48b8 7049 | 43cf fc7f | 0000 ffd0 | 488b 7424 | 2048 8b54 | 2428 4c8b | 5c24 304c | 8b54 2438 
  0x000001cf07d0b234: c5f8 7748 | 83c4 40e9 | 9167 ffff | f083 4424 | c000 803e | 000f 84b9 | 67ff ffc6 | 0600 4d8b 
  0x000001cf07d0b254: 4f50 4d85 | c90f 8414 | 0000 0049 | 83e9 084d | 894f 504d | 034f 5849 | 8931 e995 | 67ff ff48 
  0x000001cf07d0b274: 83ec 304c | 895c 2428 | 4889 5424 | 2048 8bce 

  0x000001cf07d0b284: ;   {runtime_call}
  0x000001cf07d0b284: 498b d748 | b870 4943 | cffc 7f00 | 00ff d048 | 8b54 2420 | 4c8b 5c24 | 28c5 f877 | 4883 c430 
  0x000001cf07d0b2a4: e95f 67ff | ff45 8b01 | 4983 f800 | 0f84 b067 | ffff 498b | 4f38 4885 | c90f 8414 | 0000 0048 
  0x000001cf07d0b2c4: 83e9 0849 | 894f 3849 | 034f 404c | 8901 e98f | 67ff ff48 | 83ec 404c | 8954 2438 | 4c89 5c24 
  0x000001cf07d0b2e4: 304c 894c | 2428 4889 | 4424 2049 | 8bc8 498b 

  0x000001cf07d0b2f4: ;   {runtime_call}
  0x000001cf07d0b2f4: d748 b890 | 4943 cffc | 7f00 00ff | d048 8b44 | 2420 4c8b | 4c24 284c | 8b5c 2430 | 4c8b 5424 
  0x000001cf07d0b314: 38c5 f877 | 4883 c440 | e945 67ff | fff0 8344 | 24c0 0080 | 3900 0f84 | 6967 ffff | c601 004d 
  0x000001cf07d0b334: 8b47 504d | 85c0 0f84 | 1400 0000 | 4983 e808 | 4d89 4750 | 4d03 4758 | 4989 08e9 | 4567 ffff 
  0x000001cf07d0b354: 4883 ec30 | 4c89 5c24 | 2848 8944 | 2420 498b 

  0x000001cf07d0b364: ;   {runtime_call}
  0x000001cf07d0b364: d748 b870 | 4943 cffc | 7f00 00ff | d048 8b44 | 2420 4c8b | 5c24 28c5 | f877 4883 | c430 e912 
  0x000001cf07d0b384: 67ff ff44 | 8b13 4983 | fa00 0f84 | 7367 ffff | 4d8b 5f38 | 4d85 db0f | 8414 0000 | 0049 83eb 
  0x000001cf07d0b3a4: 084d 895f | 384d 035f | 404d 8913 | e952 67ff | ff48 83ec | 504c 8944 | 2448 4c89 | 4c24 4048 
  0x000001cf07d0b3c4: 894c 2438 | 4889 7c24 | 3048 8944 | 2428 498b | ca49 8bd7 

  0x000001cf07d0b3d8: ;   {runtime_call}
  0x000001cf07d0b3d8: 48b8 9049 | 43cf fc7f | 0000 ffd0 | 488b 4424 | 2848 8b7c | 2430 488b | 4c24 384c | 8b4c 2440 
  0x000001cf07d0b3f8: 4c8b 4424 | 48c5 f877 | 4883 c450 | e9fe 66ff | fff0 8344 | 24c0 0041 | 803b 000f | 8422 67ff 
  0x000001cf07d0b418: ff41 c603 | 004d 8b57 | 504d 85d2 | 0f84 1400 | 0000 4983 | ea08 4d89 | 5750 4d03 | 5758 4d89 
  0x000001cf07d0b438: 1ae9 fd66 | ffff 4883 | ec40 4c89 | 4424 384c | 894c 2430 | 4889 4c24 | 2848 897c | 2420 498b 
  0x000001cf07d0b458: cb49 8bd7 

  0x000001cf07d0b45c: ;   {runtime_call}
  0x000001cf07d0b45c: 48b8 7049 | 43cf fc7f | 0000 ffd0 | 488b 7c24 | 2048 8b4c | 2428 4c8b | 4c24 304c | 8b44 2438 
  0x000001cf07d0b47c: c5f8 7748 | 83c4 40e9 | b366 ffff | 458b 0849 | 83f9 000f | 84c0 66ff | ff49 8b4f | 3848 85c9 
  0x000001cf07d0b49c: 0f84 1400 | 0000 4883 | e908 4989 | 4f38 4903 | 4f40 4c89 | 09e9 9f66 | ffff 4883 | ec30 4c89 
  0x000001cf07d0b4bc: 5c24 284c | 8944 2420 | 498b c949 

  0x000001cf07d0b4c8: ;   {runtime_call}
  0x000001cf07d0b4c8: 8bd7 48b8 | 9049 43cf | fc7f 0000 | ffd0 4c8b | 4424 204c | 8b5c 2428 | c5f8 7748 | 83c4 30e9 
  0x000001cf07d0b4e8: 6966 ffff | f083 4424 | c000 8039 | 000f 848d | 66ff ffc6 | 0100 4d8b | 4f50 4d85 | c90f 8414 
  0x000001cf07d0b508: 0000 0049 | 83e9 084d | 894f 504d | 034f 5849 | 8909 e969 | 66ff ff48 | 83ec 2049 

  0x000001cf07d0b524: ;   {runtime_call}
  0x000001cf07d0b524: 8bd7 48b8 | 7049 43cf | fc7f 0000 | ffd0 c5f8 | 7748 83c4 | 20e9 4a66 | ffff 418b | 0848 83f9 
  0x000001cf07d0b544: 000f 8495 | 67ff ff49 | 8b5f 3848 | 85db 0f84 | 1400 0000 | 4883 eb08 | 4989 5f38 | 4903 5f40 
  0x000001cf07d0b564: 4889 0be9 | 7467 ffff | 4883 ec50 | 4c89 5424 | 484c 895c | 2440 4c89 | 4424 384c | 894c 2430 
  0x000001cf07d0b584: 4889 4424 | 2849 8bd7 

  0x000001cf07d0b58c: ;   {runtime_call}
  0x000001cf07d0b58c: 48b8 9049 | 43cf fc7f | 0000 ffd0 | 488b 4424 | 284c 8b4c | 2430 4c8b | 4424 384c | 8b5c 2440 
  0x000001cf07d0b5ac: 4c8b 5424 | 48c5 f877 | 4883 c450 | e923 67ff | fff0 8344 | 24c0 0080 | 3b00 0f84 | 4767 ffff 
  0x000001cf07d0b5cc: c603 0049 | 8b4f 5048 | 85c9 0f84 | 1400 0000 | 4883 e908 | 4989 4f50 | 4903 4f58 | 4889 19e9 
  0x000001cf07d0b5ec: 2367 ffff | 4883 ec40 | 4c89 5424 | 384c 895c | 2430 4c89 | 4c24 2848 | 8944 2420 | 488b cb49 
  0x000001cf07d0b60c: ;   {runtime_call}
  0x000001cf07d0b60c: 8bd7 48b8 | 7049 43cf | fc7f 0000 | ffd0 488b | 4424 204c | 8b4c 2428 | 4c8b 5c24 | 304c 8b54 
  0x000001cf07d0b62c: 2438 c5f8 | 7748 83c4 | 40e9 d966 | ffff 418b | 0848 83f9 | 000f 84db | 66ff ff4d | 8b4f 384d 
  0x000001cf07d0b64c: 85c9 0f84 | 1400 0000 | 4983 e908 | 4d89 4f38 | 4d03 4f40 | 4989 09e9 | ba66 ffff | 4883 ec40 
  0x000001cf07d0b66c: 4c89 5424 | 384c 895c | 2430 4c89 | 4424 2848 | 8944 2420 

  0x000001cf07d0b680: ;   {runtime_call}
  0x000001cf07d0b680: 498b d748 | b890 4943 | cffc 7f00 | 00ff d048 | 8b44 2420 | 4c8b 4424 | 284c 8b5c | 2430 4c8b 
  0x000001cf07d0b6a0: 5424 38c5 | f877 4883 | c440 e973 | 66ff fff0 | 8344 24c0 | 0041 8039 | 000f 84a1 | 66ff ff41 
  0x000001cf07d0b6c0: c601 0049 | 8b4f 5048 | 85c9 0f84 | 1400 0000 | 4883 e908 | 4989 4f50 | 4903 4f58 | 4c89 09e9 
  0x000001cf07d0b6e0: 7c66 ffff | 4883 ec30 | 4c89 5c24 | 2848 8944 | 2420 498b | c949 8bd7 

  0x000001cf07d0b6f8: ;   {runtime_call}
  0x000001cf07d0b6f8: 48b8 7049 | 43cf fc7f | 0000 ffd0 | 488b 4424 | 204c 8b5c | 2428 c5f8 | 7748 83c4 | 30e9 4666 
  0x000001cf07d0b718: ffff 458b | 1049 83fa | 000f 84af | 66ff ff4d | 8b5f 384d | 85db 0f84 | 1400 0000 | 4983 eb08 
  0x000001cf07d0b738: 4d89 5f38 | 4d03 5f40 | 4d89 13e9 | 8e66 ffff | 4883 ec40 | 4c89 4424 | 384c 894c | 2430 4889 
  0x000001cf07d0b758: 4424 2849 | 8bca 498b 

  0x000001cf07d0b760: ;   {runtime_call}
  0x000001cf07d0b760: d748 b890 | 4943 cffc | 7f00 00ff | d048 8b44 | 2428 4c8b | 4c24 304c | 8b44 2438 | c5f8 7748 
  0x000001cf07d0b780: 83c4 40e9 | 4e66 ffff | f083 4424 | c000 4180 | 3b00 0f84 | 7266 ffff | 41c6 0300 | 4d8b 5750 
  0x000001cf07d0b7a0: 4d85 d20f | 8414 0000 | 0049 83ea | 084d 8957 | 504d 0357 | 584d 891a | e94d 66ff | ff48 83ec 
  0x000001cf07d0b7c0: 304c 894c | 2428 498b | cb49 8bd7 

  0x000001cf07d0b7cc: ;   {runtime_call}
  0x000001cf07d0b7cc: 48b8 7049 | 43cf fc7f | 0000 ffd0 | 4c8b 4c24 | 28c5 f877 | 4883 c430 | e921 66ff | ff45 8b03 
  0x000001cf07d0b7ec: 4983 f800 | 0f84 5166 | ffff 4d8b | 5738 4d85 | d20f 8414 | 0000 0049 | 83ea 084d | 8957 384d 
  0x000001cf07d0b80c: 0357 404d | 8902 e930 | 66ff ff48 | 83ec 304c | 895c 2428 | 4889 4c24 | 2049 8bc8 

  0x000001cf07d0b828: ;   {runtime_call}
  0x000001cf07d0b828: 498b d748 | b890 4943 | cffc 7f00 | 00ff d048 | 8b4c 2420 | 4c8b 5c24 | 28c5 f877 | 4883 c430 
  0x000001cf07d0b848: e9fa 65ff | fff0 8344 | 24c0 0041 | 803a 000f | 841e 66ff | ff41 c602 | 004d 8b47 | 504d 85c0 
  0x000001cf07d0b868: 0f84 1400 | 0000 4983 | e808 4d89 | 4750 4d03 | 4758 4d89 | 10e9 f965 | ffff 4883 | ec20 498b 
  0x000001cf07d0b888: ca49 8bd7 

  0x000001cf07d0b88c: ;   {runtime_call}
  0x000001cf07d0b88c: 48b8 7049 | 43cf fc7f | 0000 ffd0 | c5f8 7748 | 83c4 20e9 | d765 ffff | 458b 0849 | 83f9 000f 
  0x000001cf07d0b8ac: 8445 66ff | ff49 8b5f | 3848 85db | 0f84 1400 | 0000 4883 | eb08 4989 | 5f38 4903 | 5f40 4c89 
  0x000001cf07d0b8cc: 0be9 2466 | ffff 4883 | ec50 4c89 | 5424 484c | 895c 2440 | 4c89 4424 | 3848 894c | 2430 4889 
  0x000001cf07d0b8ec: 4424 2849 | 8bc9 498b 

  0x000001cf07d0b8f4: ;   {runtime_call}
  0x000001cf07d0b8f4: d748 b890 | 4943 cffc | 7f00 00ff | d048 8b44 | 2428 488b | 4c24 304c | 8b44 2438 | 4c8b 5c24 
  0x000001cf07d0b914: 404c 8b54 | 2448 c5f8 | 7748 83c4 | 50e9 d065 | ffff f083 | 4424 c000 | 803b 000f | 84fe 65ff 
  0x000001cf07d0b934: ffc6 0300 | 4d8b 4f50 | 4d85 c90f | 8414 0000 | 0049 83e9 | 084d 894f | 504d 034f | 5849 8919 
  0x000001cf07d0b954: e9da 65ff | ff48 83ec | 404c 8954 | 2438 4c89 | 5c24 3048 | 8944 2428 | 488b cb49 

  0x000001cf07d0b970: ;   {runtime_call}
  0x000001cf07d0b970: 8bd7 48b8 | 7049 43cf | fc7f 0000 | ffd0 488b | 4424 284c | 8b5c 2430 | 4c8b 5424 | 38c5 f877 
  0x000001cf07d0b990: 4883 c440 | e99a 65ff | ff45 8b1a | 4983 fb00 | 0f84 bc65 | ffff 4d8b | 4738 4d85 | c00f 8414 
  0x000001cf07d0b9b0: 0000 0049 | 83e8 084d | 8947 384d | 0347 404d | 8918 e99b | 65ff ff48 | 83ec 304c | 8954 2428 
  0x000001cf07d0b9d0: 4889 4424 | 2049 8bcb 

  0x000001cf07d0b9d8: ;   {runtime_call}
  0x000001cf07d0b9d8: 498b d748 | b890 4943 | cffc 7f00 | 00ff d048 | 8b44 2420 | 4c8b 5424 | 28c5 f877 | 4883 c430 
  0x000001cf07d0b9f8: e965 65ff | fff0 8344 | 24c0 0041 | 8038 000f | 8489 65ff | ff41 c600 | 004d 8b5f | 504d 85db 
  0x000001cf07d0ba18: 0f84 1400 | 0000 4983 | eb08 4d89 | 5f50 4d03 | 5f58 4d89 | 03e9 6465 | ffff 4883 | ec20 498b 
  0x000001cf07d0ba38: c849 8bd7 

  0x000001cf07d0ba3c: ;   {runtime_call}
  0x000001cf07d0ba3c: 48b8 7049 | 43cf fc7f | 0000 ffd0 | c5f8 7748 | 83c4 20e9 | 4265 ffff | 458b 1149 | 83fa 000f 
  0x000001cf07d0ba5c: 8475 6aff | ff4d 8b47 | 384d 85c0 | 0f84 1400 | 0000 4983 | e808 4d89 | 4738 4d03 | 4740 4d89 
  0x000001cf07d0ba7c: 10e9 546a | ffff 4883 | ec40 4c89 | 5c24 384c | 894c 2430 | 4889 4c24 | 2848 8944 | 2420 498b 
  0x000001cf07d0ba9c: ca49 8bd7 

  0x000001cf07d0baa0: ;   {runtime_call}
  0x000001cf07d0baa0: 48b8 9049 | 43cf fc7f | 0000 ffd0 | 488b 4424 | 2048 8b4c | 2428 4c8b | 4c24 304c | 8b5c 2438 
  0x000001cf07d0bac0: c5f8 7748 | 83c4 40e9 | 0a6a ffff | 458b 0349 | 83f8 000f | 8482 6cff | ff4d 8b57 | 384d 85d2 
  0x000001cf07d0bae0: 0f84 1400 | 0000 4983 | ea08 4d89 | 5738 4d03 | 5740 4d89 | 02e9 616c | ffff 4883 | ec40 4c89 
  0x000001cf07d0bb00: 5c24 384c | 894c 2430 | 4889 4424 | 2849 8bc8 

  0x000001cf07d0bb10: ;   {runtime_call}
  0x000001cf07d0bb10: 498b d748 | b890 4943 | cffc 7f00 | 00ff d048 | 8b44 2428 | 4c8b 4c24 | 304c 8b5c | 2438 c5f8 
  0x000001cf07d0bb30: 7748 83c4 | 40e9 216c | ffff f083 | 4424 c000 | 4180 3a00 | 0f84 4f6c | ffff 41c6 | 0200 4d8b 
  0x000001cf07d0bb50: 4750 4d85 | c00f 8414 | 0000 0049 | 83e8 084d | 8947 504d | 0347 584d | 8910 e92a | 6cff ff48 
  0x000001cf07d0bb70: 83ec 304c | 894c 2428 | 4889 4424 | 2049 8bca 

  0x000001cf07d0bb80: ;   {runtime_call}
  0x000001cf07d0bb80: 498b d748 | b870 4943 | cffc 7f00 | 00ff d048 | 8b44 2420 | 4c8b 4c24 | 28c5 f877 | 4883 c430 
  0x000001cf07d0bba0: e9f4 6bff | ff45 8b02 | 4983 f800 | 0f84 fc74 | ffff 4d8b | 4f38 4d85 | c90f 8414 | 0000 0049 
  0x000001cf07d0bbc0: 83e9 084d | 894f 384d | 034f 404d | 8901 e9db | 74ff ff48 | 83ec 404c | 8954 2438 | 4c89 5c24 
  0x000001cf07d0bbe0: 3048 894c | 2428 4889 | 4424 2049 | 8bc8 498b 

  0x000001cf07d0bbf0: ;   {runtime_call}
  0x000001cf07d0bbf0: d748 b890 | 4943 cffc | 7f00 00ff | d048 8b44 | 2420 488b | 4c24 284c | 8b5c 2430 | 4c8b 5424 
  0x000001cf07d0bc10: 38c5 f877 | 4883 c440 | e991 74ff | ff45 8b03 | 4983 f800 | 0f84 0d78 | ffff 4d8b | 5738 4d85 
  0x000001cf07d0bc30: d20f 8414 | 0000 0049 | 83ea 084d | 8957 384d | 0357 404d | 8902 e9ec | 77ff ff48 | 83ec 304c 
  0x000001cf07d0bc50: 895c 2428 | 4889 4424 | 2049 8bc8 

  0x000001cf07d0bc5c: ;   {runtime_call}
  0x000001cf07d0bc5c: 498b d748 | b890 4943 | cffc 7f00 | 00ff d048 | 8b44 2420 | 4c8b 5c24 | 28c5 f877 | 4883 c430 
  0x000001cf07d0bc7c: e9b6 77ff | fff0 8344 | 24c0 0041 | 803a 000f | 84e4 77ff | ff41 c602 | 004d 8b47 | 504d 85c0 
  0x000001cf07d0bc9c: 0f84 1400 | 0000 4983 | e808 4d89 | 4750 4d03 | 4758 4d89 | 10e9 bf77 | ffff 4883 | ec30 4889 
  0x000001cf07d0bcbc: 4424 2849 | 8bca 498b 

  0x000001cf07d0bcc4: ;   {runtime_call}
  0x000001cf07d0bcc4: d748 b870 | 4943 cffc | 7f00 00ff | d048 8b44 | 2428 c5f8 | 7748 83c4 | 30e9 9377 | ffff 4183 
  0x000001cf07d0bce4: 8758 0600 | 0008 e945 

  0x000001cf07d0bcec: ;   {internal_word}
  0x000001cf07d0bcec: b3ff ff49 | bace facf | 07cf 0100 | 004d 8997 | 6004 0000 

  0x000001cf07d0bd00: ;   {runtime_call SafepointBlob}
  0x000001cf07d0bd00: e9db b787 | ff41 8387 | 5806 0000 | 08e9 a83d | ffff 4183 | 8758 0600 | 0008 e926 | 39ff ff41 
  0x000001cf07d0bd20: 8387 5806 | 0000 08e9 | f934 ffff 

  0x000001cf07d0bd2c: ;   {runtime_call StubRoutines (final stubs)}
  0x000001cf07d0bd2c: e82f bf85 | ffe9 d828 | ffff f4f4 
[Stub Code]
  0x000001cf07d0bd38: ;   {no_reloc}
  0x000001cf07d0bd38: 48bb 0000 | 0000 0000 

  0x000001cf07d0bd40: ;   {runtime_call nmethod}
  0x000001cf07d0bd40: 0000 e9fb 

  0x000001cf07d0bd44: ;   {static_stub}
  0x000001cf07d0bd44: ffff ff48 | bb00 0000 | 0000 0000 

  0x000001cf07d0bd50: ;   {runtime_call nmethod}
  0x000001cf07d0bd50: 00e9 fbff 

  0x000001cf07d0bd54: ;   {static_stub}
  0x000001cf07d0bd54: ffff 48bb | 0000 0000 | 0000 0000 

  0x000001cf07d0bd60: ;   {runtime_call nmethod}
  0x000001cf07d0bd60: e9fb ffff 

  0x000001cf07d0bd64: ;   {static_stub}
  0x000001cf07d0bd64: ff48 bb38 | f227 0fcf 

  0x000001cf07d0bd6c: ;   {runtime_call I2C/C2I adapters}
  0x000001cf07d0bd6c: 0100 00e9 | 3e8e 87ff 

  0x000001cf07d0bd74: ;   {static_stub}
  0x000001cf07d0bd74: 48bb 0000 | 0000 0000 

  0x000001cf07d0bd7c: ;   {runtime_call nmethod}
  0x000001cf07d0bd7c: 0000 e9fb 

  0x000001cf07d0bd80: ;   {static_stub}
  0x000001cf07d0bd80: ffff ff48 | bb00 0000 | 0000 0000 

  0x000001cf07d0bd8c: ;   {runtime_call nmethod}
  0x000001cf07d0bd8c: 00e9 fbff 

  0x000001cf07d0bd90: ;   {static_stub}
  0x000001cf07d0bd90: ffff 48bb | 0000 0000 | 0000 0000 

  0x000001cf07d0bd9c: ;   {runtime_call nmethod}
  0x000001cf07d0bd9c: e9fb ffff 

  0x000001cf07d0bda0: ;   {static_stub}
  0x000001cf07d0bda0: ff48 bb00 | 0000 0000 

  0x000001cf07d0bda8: ;   {runtime_call nmethod}
  0x000001cf07d0bda8: 0000 00e9 | fbff ffff 

  0x000001cf07d0bdb0: ;   {static_stub}
  0x000001cf07d0bdb0: 48bb 0000 | 0000 0000 

  0x000001cf07d0bdb8: ;   {runtime_call nmethod}
  0x000001cf07d0bdb8: 0000 e9fb 

  0x000001cf07d0bdbc: ;   {static_stub}
  0x000001cf07d0bdbc: ffff ff48 | bb00 0000 | 0000 0000 

  0x000001cf07d0bdc8: ;   {runtime_call nmethod}
  0x000001cf07d0bdc8: 00e9 fbff 

  0x000001cf07d0bdcc: ;   {static_stub}
  0x000001cf07d0bdcc: ffff 48bb | 0000 0000 | 0000 0000 

  0x000001cf07d0bdd8: ;   {runtime_call nmethod}
  0x000001cf07d0bdd8: e9fb ffff 

  0x000001cf07d0bddc: ;   {static_stub}
  0x000001cf07d0bddc: ff48 bb00 | 0000 0000 

  0x000001cf07d0bde4: ;   {runtime_call nmethod}
  0x000001cf07d0bde4: 0000 00e9 | fbff ffff 

  0x000001cf07d0bdec: ;   {static_stub}
  0x000001cf07d0bdec: 48bb 0000 | 0000 0000 

  0x000001cf07d0bdf4: ;   {runtime_call nmethod}
  0x000001cf07d0bdf4: 0000 e9fb 

  0x000001cf07d0bdf8: ;   {static_stub}
  0x000001cf07d0bdf8: ffff ff48 | bb00 0000 | 0000 0000 

  0x000001cf07d0be04: ;   {runtime_call nmethod}
  0x000001cf07d0be04: 00e9 fbff 

  0x000001cf07d0be08: ;   {static_stub}
  0x000001cf07d0be08: ffff 48bb | 0000 0000 | 0000 0000 

  0x000001cf07d0be14: ;   {runtime_call nmethod}
  0x000001cf07d0be14: e9fb ffff 

  0x000001cf07d0be18: ;   {static_stub}
  0x000001cf07d0be18: ff48 bb00 | 0000 0000 

  0x000001cf07d0be20: ;   {runtime_call nmethod}
  0x000001cf07d0be20: 0000 00e9 | fbff ffff 

  0x000001cf07d0be28: ;   {static_stub}
  0x000001cf07d0be28: 48bb 0000 | 0000 0000 

  0x000001cf07d0be30: ;   {runtime_call nmethod}
  0x000001cf07d0be30: 0000 e9fb 

  0x000001cf07d0be34: ;   {static_stub}
  0x000001cf07d0be34: ffff ff48 | bb00 0000 | 0000 0000 

  0x000001cf07d0be40: ;   {runtime_call nmethod}
  0x000001cf07d0be40: 00e9 fbff 

  0x000001cf07d0be44: ;   {static_stub}
  0x000001cf07d0be44: ffff 48bb | 0000 0000 | 0000 0000 

  0x000001cf07d0be50: ;   {runtime_call nmethod}
  0x000001cf07d0be50: e9fb ffff 

  0x000001cf07d0be54: ;   {static_stub}
  0x000001cf07d0be54: ff48 bb00 | 0000 0000 

  0x000001cf07d0be5c: ;   {runtime_call nmethod}
  0x000001cf07d0be5c: 0000 00e9 | fbff ffff 

  0x000001cf07d0be64: ;   {static_stub}
  0x000001cf07d0be64: 48bb 0000 | 0000 0000 

  0x000001cf07d0be6c: ;   {runtime_call nmethod}
  0x000001cf07d0be6c: 0000 e9fb 

  0x000001cf07d0be70: ;   {static_stub}
  0x000001cf07d0be70: ffff ff48 | bb00 0000 | 0000 0000 

  0x000001cf07d0be7c: ;   {runtime_call nmethod}
  0x000001cf07d0be7c: 00e9 fbff 

  0x000001cf07d0be80: ;   {static_stub}
  0x000001cf07d0be80: ffff 48bb | 0000 0000 | 0000 0000 

  0x000001cf07d0be8c: ;   {runtime_call nmethod}
  0x000001cf07d0be8c: e9fb ffff 

  0x000001cf07d0be90: ;   {static_stub}
  0x000001cf07d0be90: ff48 bb00 | 0000 0000 

  0x000001cf07d0be98: ;   {runtime_call nmethod}
  0x000001cf07d0be98: 0000 00e9 | fbff ffff 

  0x000001cf07d0bea0: ;   {static_stub}
  0x000001cf07d0bea0: 48bb 0000 | 0000 0000 

  0x000001cf07d0bea8: ;   {runtime_call nmethod}
  0x000001cf07d0bea8: 0000 e9fb 

  0x000001cf07d0beac: ;   {static_stub}
  0x000001cf07d0beac: ffff ff48 | bb00 0000 | 0000 0000 

  0x000001cf07d0beb8: ;   {runtime_call nmethod}
  0x000001cf07d0beb8: 00e9 fbff 

  0x000001cf07d0bebc: ;   {static_stub}
  0x000001cf07d0bebc: ffff 48bb | 0000 0000 | 0000 0000 

  0x000001cf07d0bec8: ;   {runtime_call nmethod}
  0x000001cf07d0bec8: e9fb ffff 

  0x000001cf07d0becc: ;   {static_stub}
  0x000001cf07d0becc: ff48 bb00 | 0000 0000 

  0x000001cf07d0bed4: ;   {runtime_call nmethod}
  0x000001cf07d0bed4: 0000 00e9 | fbff ffff 

  0x000001cf07d0bedc: ;   {static_stub}
  0x000001cf07d0bedc: 48bb 0000 | 0000 0000 

  0x000001cf07d0bee4: ;   {runtime_call nmethod}
  0x000001cf07d0bee4: 0000 e9fb 

  0x000001cf07d0bee8: ;   {static_stub}
  0x000001cf07d0bee8: ffff ff48 | bb00 0000 | 0000 0000 

  0x000001cf07d0bef4: ;   {runtime_call nmethod}
  0x000001cf07d0bef4: 00e9 fbff 

  0x000001cf07d0bef8: ;   {static_stub}
  0x000001cf07d0bef8: ffff 48bb | 0000 0000 | 0000 0000 

  0x000001cf07d0bf04: ;   {runtime_call nmethod}
  0x000001cf07d0bf04: e9fb ffff 

  0x000001cf07d0bf08: ;   {static_stub}
  0x000001cf07d0bf08: ff48 bb00 | 0000 0000 

  0x000001cf07d0bf10: ;   {runtime_call nmethod}
  0x000001cf07d0bf10: 0000 00e9 | fbff ffff 

  0x000001cf07d0bf18: ;   {static_stub}
  0x000001cf07d0bf18: 48bb 0000 | 0000 0000 

  0x000001cf07d0bf20: ;   {runtime_call nmethod}
  0x000001cf07d0bf20: 0000 e9fb 

  0x000001cf07d0bf24: ;   {static_stub}
  0x000001cf07d0bf24: ffff ff48 | bb00 0000 | 0000 0000 

  0x000001cf07d0bf30: ;   {runtime_call nmethod}
  0x000001cf07d0bf30: 00e9 fbff 

  0x000001cf07d0bf34: ;   {static_stub}
  0x000001cf07d0bf34: ffff 48bb | 0000 0000 | 0000 0000 

  0x000001cf07d0bf40: ;   {runtime_call nmethod}
  0x000001cf07d0bf40: e9fb ffff 

  0x000001cf07d0bf44: ;   {static_stub}
  0x000001cf07d0bf44: ff48 bb00 | 0000 0000 

  0x000001cf07d0bf4c: ;   {runtime_call nmethod}
  0x000001cf07d0bf4c: 0000 00e9 | fbff ffff 

  0x000001cf07d0bf54: ;   {static_stub}
  0x000001cf07d0bf54: 48bb 0000 | 0000 0000 

  0x000001cf07d0bf5c: ;   {runtime_call nmethod}
  0x000001cf07d0bf5c: 0000 e9fb 

  0x000001cf07d0bf60: ;   {static_stub}
  0x000001cf07d0bf60: ffff ff48 | bb00 0000 | 0000 0000 

  0x000001cf07d0bf6c: ;   {runtime_call nmethod}
  0x000001cf07d0bf6c: 00e9 fbff 

  0x000001cf07d0bf70: ;   {static_stub}
  0x000001cf07d0bf70: ffff 48bb | 0000 0000 | 0000 0000 

  0x000001cf07d0bf7c: ;   {runtime_call nmethod}
  0x000001cf07d0bf7c: e9fb ffff 

  0x000001cf07d0bf80: ;   {static_stub}
  0x000001cf07d0bf80: ff48 bb00 | 0000 0000 

  0x000001cf07d0bf88: ;   {runtime_call nmethod}
  0x000001cf07d0bf88: 0000 00e9 | fbff ffff 

  0x000001cf07d0bf90: ;   {static_stub}
  0x000001cf07d0bf90: 48bb 0000 | 0000 0000 

  0x000001cf07d0bf98: ;   {runtime_call nmethod}
  0x000001cf07d0bf98: 0000 e9fb 

  0x000001cf07d0bf9c: ;   {static_stub}
  0x000001cf07d0bf9c: ffff ff48 | bb00 0000 | 0000 0000 

  0x000001cf07d0bfa8: ;   {runtime_call nmethod}
  0x000001cf07d0bfa8: 00e9 fbff 

  0x000001cf07d0bfac: ;   {static_stub}
  0x000001cf07d0bfac: ffff 48bb | 0000 0000 | 0000 0000 

  0x000001cf07d0bfb8: ;   {runtime_call nmethod}
  0x000001cf07d0bfb8: e9fb ffff 

  0x000001cf07d0bfbc: ;   {static_stub}
  0x000001cf07d0bfbc: ff48 bb00 | 0000 0000 

  0x000001cf07d0bfc4: ;   {runtime_call nmethod}
  0x000001cf07d0bfc4: 0000 00e9 | fbff ffff 

  0x000001cf07d0bfcc: ;   {static_stub}
  0x000001cf07d0bfcc: 48bb 0000 | 0000 0000 

  0x000001cf07d0bfd4: ;   {runtime_call nmethod}
  0x000001cf07d0bfd4: 0000 e9fb 

  0x000001cf07d0bfd8: ;   {static_stub}
  0x000001cf07d0bfd8: ffff ff48 | bb00 0000 | 0000 0000 

  0x000001cf07d0bfe4: ;   {runtime_call nmethod}
  0x000001cf07d0bfe4: 00e9 fbff 

  0x000001cf07d0bfe8: ;   {static_stub}
  0x000001cf07d0bfe8: ffff 48bb | b895 450f | cf01 0000 

  0x000001cf07d0bff4: ;   {runtime_call I2C/C2I adapters}
  0x000001cf07d0bff4: e9c4 5484 

  0x000001cf07d0bff8: ;   {static_stub}
  0x000001cf07d0bff8: ff48 bb00 | 0000 0000 

  0x000001cf07d0c000: ;   {runtime_call nmethod}
  0x000001cf07d0c000: 0000 00e9 | fbff ffff 

  0x000001cf07d0c008: ;   {static_stub}
  0x000001cf07d0c008: 48bb 0000 | 0000 0000 

  0x000001cf07d0c010: ;   {runtime_call nmethod}
  0x000001cf07d0c010: 0000 e9fb 

  0x000001cf07d0c014: ;   {static_stub}
  0x000001cf07d0c014: ffff ff48 | bb00 0000 | 0000 0000 

  0x000001cf07d0c020: ;   {runtime_call nmethod}
  0x000001cf07d0c020: 00e9 fbff 

  0x000001cf07d0c024: ;   {static_stub}
  0x000001cf07d0c024: ffff 48bb | 0000 0000 | 0000 0000 

  0x000001cf07d0c030: ;   {runtime_call nmethod}
  0x000001cf07d0c030: e9fb ffff 

  0x000001cf07d0c034: ;   {static_stub}
  0x000001cf07d0c034: ff48 bb00 | 0000 0000 

  0x000001cf07d0c03c: ;   {runtime_call nmethod}
  0x000001cf07d0c03c: 0000 00e9 | fbff ffff 

  0x000001cf07d0c044: ;   {static_stub}
  0x000001cf07d0c044: 48bb 0000 | 0000 0000 

  0x000001cf07d0c04c: ;   {runtime_call nmethod}
  0x000001cf07d0c04c: 0000 e9fb 

  0x000001cf07d0c050: ;   {static_stub}
  0x000001cf07d0c050: ffff ff48 | bb00 f627 | 0fcf 0100 

  0x000001cf07d0c05c: ;   {runtime_call I2C/C2I adapters}
  0x000001cf07d0c05c: 00e9 508b 

  0x000001cf07d0c060: ;   {static_stub}
  0x000001cf07d0c060: 87ff 48bb | 0000 0000 | 0000 0000 

  0x000001cf07d0c06c: ;   {runtime_call nmethod}
  0x000001cf07d0c06c: e9fb ffff 

  0x000001cf07d0c070: ;   {runtime_call ExceptionBlob}
  0x000001cf07d0c070: ffe9 ea9a | 94ff e800 | 0000 0048 | 832c 2405 

  0x000001cf07d0c080: ;   {runtime_call DeoptimizationBlob}
  0x000001cf07d0c080: e9fb 9c87 | fff4 f4f4 
[/MachCode]


---------------  P R O C E S S  ---------------

Threads class SMR info:
_java_thread_list=0x000001cf248ded30, length=52, elements={
0x000001cf692b7180, 0x000001cf24014690, 0x000001cf240170f0, 0x000001cf24019ed0,
0x000001cf2401d450, 0x000001cf2401df80, 0x000001cf2401eab0, 0x000001cf24022e60,
0x000001cf24032000, 0x000001cf242249a0, 0x000001cf2429b7b0, 0x000001cf29df5040,
0x000001cf2438e940, 0x000001cf29fa1650, 0x000001cf29fa0060, 0x000001cf29fa07b0,
0x000001cf29fa0f00, 0x000001cf29fe7c40, 0x000001cf29fe6da0, 0x000001cf29fe5060,
0x000001cf29fe57b0, 0x000001cf29fe6650, 0x000001cf29fe74f0, 0x000001cf29fe5f00,
0x000001cf2a62c490, 0x000001cf2a62cbe0, 0x000001cf2a630660, 0x000001cf2a62da80,
0x000001cf2a62a750, 0x000001cf2a62d330, 0x000001cf2a62aea0, 0x000001cf2a62bd40,
0x000001cf2a62e1d0, 0x000001cf2a62b5f0, 0x000001cf2a62e920, 0x000001cf2a630db0,
0x000001cf2a62a000, 0x000001cf2a62f7c0, 0x000001cf2a62ff10, 0x000001cf2a417650,
0x000001cf2a4125e0, 0x000001cf2a413bd0, 0x000001cf2a411740, 0x000001cf2a4167b0,
0x000001cf2a414a70, 0x000001cf2a4108a0, 0x000001cf2a415910, 0x000001cf2a4151c0,
0x000001cf2a411e90, 0x000001cf2a414320, 0x000001cf2a416060, 0x000001cf2a417da0
}

Java Threads: ( => current thread )
  0x000001cf692b7180 JavaThread "main"                              [_thread_blocked, id=2248, stack(0x000000805bb00000,0x000000805bc00000) (1024K)]
  0x000001cf24014690 JavaThread "Reference Handler"          daemon [_thread_blocked, id=29688, stack(0x000000805c300000,0x000000805c400000) (1024K)]
  0x000001cf240170f0 JavaThread "Finalizer"                  daemon [_thread_blocked, id=12996, stack(0x000000805c400000,0x000000805c500000) (1024K)]
  0x000001cf24019ed0 JavaThread "Signal Dispatcher"          daemon [_thread_blocked, id=11724, stack(0x000000805c500000,0x000000805c600000) (1024K)]
  0x000001cf2401d450 JavaThread "Attach Listener"            daemon [_thread_blocked, id=27556, stack(0x000000805c600000,0x000000805c700000) (1024K)]
  0x000001cf2401df80 JavaThread "Service Thread"             daemon [_thread_blocked, id=23388, stack(0x000000805c700000,0x000000805c800000) (1024K)]
  0x000001cf2401eab0 JavaThread "Monitor Deflation Thread"   daemon [_thread_blocked, id=29140, stack(0x000000805c800000,0x000000805c900000) (1024K)]
  0x000001cf24022e60 JavaThread "C2 CompilerThread0"         daemon [_thread_blocked, id=30020, stack(0x000000805c900000,0x000000805ca00000) (1024K)]
  0x000001cf24032000 JavaThread "C1 CompilerThread0"         daemon [_thread_in_vm, id=30844, stack(0x000000805ca00000,0x000000805cb00000) (1024K)]
  0x000001cf242249a0 JavaThread "Common-Cleaner"             daemon [_thread_blocked, id=13556, stack(0x000000805cb00000,0x000000805cc00000) (1024K)]
  0x000001cf2429b7b0 JavaThread "Notification Thread"        daemon [_thread_blocked, id=7824, stack(0x000000805cc00000,0x000000805cd00000) (1024K)]
  0x000001cf29df5040 JavaThread "Daemon health stats"               [_thread_blocked, id=4816, stack(0x000000805d300000,0x000000805d400000) (1024K)]
  0x000001cf2438e940 JavaThread "Incoming local TCP Connector on port 4893"        [_thread_in_native, id=10612, stack(0x000000805d200000,0x000000805d300000) (1024K)]
  0x000001cf29fa1650 JavaThread "Daemon periodic checks"            [_thread_blocked, id=17064, stack(0x000000805d400000,0x000000805d500000) (1024K)]
  0x000001cf29fa0060 JavaThread "Daemon"                            [_thread_blocked, id=868, stack(0x000000805d500000,0x000000805d600000) (1024K)]
  0x000001cf29fa07b0 JavaThread "Handler for socket connection from /127.0.0.1:4893 to /127.0.0.1:4895"        [_thread_in_native, id=29992, stack(0x000000805d600000,0x000000805d700000) (1024K)]
  0x000001cf29fa0f00 JavaThread "Cancel handler"                    [_thread_blocked, id=33364, stack(0x000000805d700000,0x000000805d800000) (1024K)]
=>0x000001cf29fe7c40 JavaThread "Daemon worker"                     [_thread_in_vm, id=14520, stack(0x000000805d800000,0x000000805d900000) (1024K)]
  0x000001cf29fe6da0 JavaThread "Asynchronous log dispatcher for DefaultDaemonConnection: socket connection from /127.0.0.1:4893 to /127.0.0.1:4895"        [_thread_blocked, id=33520, stack(0x000000805d900000,0x000000805da00000) (1024K)]
  0x000001cf29fe5060 JavaThread "Stdin handler"                     [_thread_blocked, id=25232, stack(0x000000805da00000,0x000000805db00000) (1024K)]
  0x000001cf29fe57b0 JavaThread "Daemon client event forwarder"        [_thread_blocked, id=28248, stack(0x000000805db00000,0x000000805dc00000) (1024K)]
  0x000001cf29fe6650 JavaThread "Cache worker for journal cache (C:\Users\haak1\.gradle\caches\journal-1)"        [_thread_blocked, id=28404, stack(0x000000805de00000,0x000000805df00000) (1024K)]
  0x000001cf29fe74f0 JavaThread "File lock request listener"        [_thread_in_native, id=18916, stack(0x000000805df00000,0x000000805e000000) (1024K)]
  0x000001cf29fe5f00 JavaThread "Cache worker for file hash cache (C:\Users\haak1\.gradle\caches\8.14.3\fileHashes)"        [_thread_blocked, id=8716, stack(0x000000805e000000,0x000000805e100000) (1024K)]
  0x000001cf2a62c490 JavaThread "Cache worker for file hash cache (C:\Users\haak1\Desktop\back-end\.gradle\8.14.3\fileHashes)"        [_thread_blocked, id=31680, stack(0x000000805e300000,0x000000805e400000) (1024K)]
  0x000001cf2a62cbe0 JavaThread "Cache worker for Build Output Cleanup Cache (C:\Users\haak1\Desktop\back-end\.gradle\buildOutputCleanup)"        [_thread_blocked, id=25128, stack(0x000000805e400000,0x000000805e500000) (1024K)]
  0x000001cf2a630660 JavaThread "File watcher server"        daemon [_thread_in_native, id=31648, stack(0x000000805e100000,0x000000805e200000) (1024K)]
  0x000001cf2a62da80 JavaThread "File watcher consumer"      daemon [_thread_blocked, id=24840, stack(0x000000805e500000,0x000000805e600000) (1024K)]
  0x000001cf2a62a750 JavaThread "jar transforms"                    [_thread_blocked, id=32492, stack(0x000000805e600000,0x000000805e700000) (1024K)]
  0x000001cf2a62d330 JavaThread "jar transforms Thread 2"           [_thread_blocked, id=32236, stack(0x000000805e700000,0x000000805e800000) (1024K)]
  0x000001cf2a62aea0 JavaThread "Cache worker for checksums cache (C:\Users\haak1\Desktop\back-end\.gradle\8.14.3\checksums)"        [_thread_blocked, id=17508, stack(0x000000805ea00000,0x000000805eb00000) (1024K)]
  0x000001cf2a62bd40 JavaThread "Cache worker for file content cache (C:\Users\haak1\.gradle\caches\8.14.3\fileContent)"        [_thread_blocked, id=12860, stack(0x000000805e900000,0x000000805ea00000) (1024K)]
  0x000001cf2a62e1d0 JavaThread "jar transforms Thread 3"           [_thread_blocked, id=15508, stack(0x000000805eb00000,0x000000805ec00000) (1024K)]
  0x000001cf2a62b5f0 JavaThread "Cache worker for cache directory md-supplier (C:\Users\haak1\.gradle\caches\8.14.3\md-supplier)"        [_thread_blocked, id=24620, stack(0x000000805e800000,0x000000805e900000) (1024K)]
  0x000001cf2a62e920 JavaThread "Cache worker for cache directory md-rule (C:\Users\haak1\.gradle\caches\8.14.3\md-rule)"        [_thread_blocked, id=32248, stack(0x000000805ec00000,0x000000805ed00000) (1024K)]
  0x000001cf2a630db0 JavaThread "Unconstrained build operations"        [_thread_blocked, id=32256, stack(0x000000805ed00000,0x000000805ee00000) (1024K)]
  0x000001cf2a62a000 JavaThread "Unconstrained build operations Thread 2"        [_thread_blocked, id=30936, stack(0x000000805ee00000,0x000000805ef00000) (1024K)]
  0x000001cf2a62f7c0 JavaThread "Unconstrained build operations Thread 3"        [_thread_blocked, id=17380, stack(0x000000805ef00000,0x000000805f000000) (1024K)]
  0x000001cf2a62ff10 JavaThread "Unconstrained build operations Thread 4"        [_thread_blocked, id=16472, stack(0x000000805f000000,0x000000805f100000) (1024K)]
  0x000001cf2a417650 JavaThread "Unconstrained build operations Thread 5"        [_thread_blocked, id=32324, stack(0x000000805f100000,0x000000805f200000) (1024K)]
  0x000001cf2a4125e0 JavaThread "Unconstrained build operations Thread 6"        [_thread_blocked, id=31288, stack(0x000000805f200000,0x000000805f300000) (1024K)]
  0x000001cf2a413bd0 JavaThread "Unconstrained build operations Thread 7"        [_thread_blocked, id=20704, stack(0x000000805f300000,0x000000805f400000) (1024K)]
  0x000001cf2a411740 JavaThread "Unconstrained build operations Thread 8"        [_thread_blocked, id=17884, stack(0x000000805f400000,0x000000805f500000) (1024K)]
  0x000001cf2a4167b0 JavaThread "jar transforms Thread 4"           [_thread_blocked, id=20620, stack(0x000000805f500000,0x000000805f600000) (1024K)]
  0x000001cf2a414a70 JavaThread "jar transforms Thread 5"           [_thread_blocked, id=29872, stack(0x000000805f600000,0x000000805f700000) (1024K)]
  0x000001cf2a4108a0 JavaThread "Unconstrained build operations Thread 9"        [_thread_blocked, id=12948, stack(0x000000805f700000,0x000000805f800000) (1024K)]
  0x000001cf2a415910 JavaThread "Unconstrained build operations Thread 10"        [_thread_blocked, id=25112, stack(0x000000805f800000,0x000000805f900000) (1024K)]
  0x000001cf2a4151c0 JavaThread "Unconstrained build operations Thread 11"        [_thread_blocked, id=32848, stack(0x000000805f900000,0x000000805fa00000) (1024K)]
  0x000001cf2a411e90 JavaThread "Unconstrained build operations Thread 12"        [_thread_blocked, id=20900, stack(0x000000805fa00000,0x000000805fb00000) (1024K)]
  0x000001cf2a414320 JavaThread "jar transforms Thread 6"           [_thread_blocked, id=23988, stack(0x000000805fb00000,0x000000805fc00000) (1024K)]
  0x000001cf2a416060 JavaThread "jar transforms Thread 7"           [_thread_blocked, id=10308, stack(0x000000805fc00000,0x000000805fd00000) (1024K)]
  0x000001cf2a417da0 JavaThread "jar transforms Thread 8"           [_thread_blocked, id=19884, stack(0x000000805fd00000,0x000000805fe00000) (1024K)]
Total: 52

Other Threads:
  0x000001cf24004f30 VMThread "VM Thread"                           [id=25944, stack(0x000000805c200000,0x000000805c300000) (1024K)]
  0x000001cf7761ab50 WatcherThread "VM Periodic Task Thread"        [id=25868, stack(0x000000805c100000,0x000000805c200000) (1024K)]
  0x000001cf6b5bc550 WorkerThread "GC Thread#0"                     [id=9624, stack(0x000000805bc00000,0x000000805bd00000) (1024K)]
  0x000001cf295e3940 WorkerThread "GC Thread#1"                     [id=21084, stack(0x000000805cd00000,0x000000805ce00000) (1024K)]
  0x000001cf295e3cf0 WorkerThread "GC Thread#2"                     [id=30636, stack(0x000000805ce00000,0x000000805cf00000) (1024K)]
  0x000001cf295e40a0 WorkerThread "GC Thread#3"                     [id=2372, stack(0x000000805cf00000,0x000000805d000000) (1024K)]
  0x000001cf295e4450 WorkerThread "GC Thread#4"                     [id=29116, stack(0x000000805d000000,0x000000805d100000) (1024K)]
  0x000001cf295e4800 WorkerThread "GC Thread#5"                     [id=31796, stack(0x000000805d100000,0x000000805d200000) (1024K)]
  0x000001cf24765cd0 WorkerThread "GC Thread#6"                     [id=32096, stack(0x000000805dc00000,0x000000805dd00000) (1024K)]
  0x000001cf24766080 WorkerThread "GC Thread#7"                     [id=18580, stack(0x000000805dd00000,0x000000805de00000) (1024K)]
  0x000001cf6b5c2cc0 ConcurrentGCThread "G1 Main Marker"            [id=1036, stack(0x000000805bd00000,0x000000805be00000) (1024K)]
  0x000001cf6b5c3e80 WorkerThread "G1 Conc#0"                       [id=30068, stack(0x000000805be00000,0x000000805bf00000) (1024K)]
  0x000001cf2aece5d0 WorkerThread "G1 Conc#1"                       [id=4252, stack(0x000000805e200000,0x000000805e300000) (1024K)]
  0x000001cf774ed290 ConcurrentGCThread "G1 Refine#0"               [id=13052, stack(0x000000805bf00000,0x000000805c000000) (1024K)]
  0x000001cf774edac0 ConcurrentGCThread "G1 Service"                [id=11712, stack(0x000000805c000000,0x000000805c100000) (1024K)]
Total: 15

Threads with active compile tasks:
C1 CompilerThread0  37211 6029       3       sun.management.Util::newObjectName (11 bytes)
Total: 1

VM state: not at safepoint (normal execution)

VM Mutex/Monitor currently owned by a thread:  ([mutex/lock_event])
[0x00007ffccfda24b0] Metaspace_lock - owner thread: 0x000001cf29fe7c40

Heap address: 0x00000000e0000000, size: 512 MB, Compressed Oops mode: 32-bit

CDS archive(s) mapped at: [0x000001cf0f000000-0x000001cf0fd40000-0x000001cf0fd40000), size 13893632, SharedBaseAddress: 0x000001cf0f000000, ArchiveRelocationMode: 1.
Compressed class space mapped at: 0x000001cf10000000-0x000001cf24000000, reserved size: 335544320
UseCompressedClassPointers 1, UseCompactObjectHeaders 0
Narrow klass pointer bits 32, Max shift 3
Narrow klass base: 0x000001cf0f000000, Narrow klass shift: 0
Encoding Range: [0x000001cf0f000000 - 0x000001d00f000000), (4294967296 bytes)
Klass Range:    [0x000001cf0f000000 - 0x000001cf24000000), (352321536 bytes)
Klass ID Range:  [8 - 352321529) (352321521)

GC Precious Log:
 CardTable entry size: 512
 Card Set container configuration: InlinePtr #cards 5 size 8 Array Of Cards #cards 10 size 36 Howl #buckets 4 coarsen threshold 1843 Howl Bitmap #cards 512 size 80 coarsen threshold 460 Card regions per heap region 1 cards per card region 2048
 CPUs: 8 total, 8 available
 Memory: 20259M
 Large Page Support: Disabled
 NUMA Support: Disabled
 Compressed Oops: Enabled (32-bit)
 Heap Region Size: 1M
 Heap Min Capacity: 256M
 Heap Initial Capacity: 256M
 Heap Max Capacity: 512M
 Pre-touch: Disabled
 Parallel Workers: 8
 Concurrent Workers: 2
 Concurrent Refinement Workers: 8
 Periodic GC: Disabled

Heap:
 garbage-first heap   total reserved 524288K, committed 262144K, used 169168K [0x00000000e0000000, 0x0000000100000000)
  region size 1024K, 141 young (144384K), 10 survivors (10240K)
 Metaspace       used 48757K, committed 50432K, reserved 393216K
  class space    used 5583K, committed 6400K, reserved 327680K

Heap Regions: E=young(eden), S=young(survivor), O=old, HS=humongous(starts), HC=humongous(continues), CS=collection set, F=free, TAMS=top-at-mark-start, PB=parsable bottom
|   0|0x00000000e0000000, 0x00000000e0100000, 0x00000000e0100000|100%|HS|  |TAMS 0x00000000e0000000| PB 0x00000000e0000000| Complete |  0
|   1|0x00000000e0100000, 0x00000000e0200000, 0x00000000e0200000|100%|HC|  |TAMS 0x00000000e0100000| PB 0x00000000e0100000| Complete |  0
|   2|0x00000000e0200000, 0x00000000e0300000, 0x00000000e0300000|100%|HC|  |TAMS 0x00000000e0200000| PB 0x00000000e0200000| Complete |  0
|   3|0x00000000e0300000, 0x00000000e0400000, 0x00000000e0400000|100%| O|  |TAMS 0x00000000e0300000| PB 0x00000000e0300000| Untracked |  0
|   4|0x00000000e0400000, 0x00000000e0500000, 0x00000000e0500000|100%| O|  |TAMS 0x00000000e0400000| PB 0x00000000e0400000| Untracked |  0
|   5|0x00000000e0500000, 0x00000000e0600000, 0x00000000e0600000|100%|HS|  |TAMS 0x00000000e0500000| PB 0x00000000e0500000| Complete |  0
|   6|0x00000000e0600000, 0x00000000e0700000, 0x00000000e0700000|100%| O|  |TAMS 0x00000000e0600000| PB 0x00000000e0600000| Untracked |  0
|   7|0x00000000e0700000, 0x00000000e0800000, 0x00000000e0800000|100%| O|  |TAMS 0x00000000e0700000| PB 0x00000000e0700000| Untracked |  0
|   8|0x00000000e0800000, 0x00000000e0900000, 0x00000000e0900000|100%| O|  |TAMS 0x00000000e0800000| PB 0x00000000e0800000| Untracked |  0
|   9|0x00000000e0900000, 0x00000000e0a00000, 0x00000000e0a00000|100%| O|  |TAMS 0x00000000e0900000| PB 0x00000000e0900000| Untracked |  0
|  10|0x00000000e0a00000, 0x00000000e0b00000, 0x00000000e0b00000|100%| O|  |TAMS 0x00000000e0a00000| PB 0x00000000e0a00000| Untracked |  0
|  11|0x00000000e0b00000, 0x00000000e0b18680, 0x00000000e0c00000|  9%| O|Cm|TAMS 0x00000000e0b00000| PB 0x00000000e0b00000| Complete |  0
|  12|0x00000000e0c00000, 0x00000000e0d00000, 0x00000000e0d00000|100%| O|  |TAMS 0x00000000e0c00000| PB 0x00000000e0c00000| Untracked |  0
|  13|0x00000000e0d00000, 0x00000000e0e00000, 0x00000000e0e00000|100%| O|  |TAMS 0x00000000e0d00000| PB 0x00000000e0d00000| Untracked |  0
|  14|0x00000000e0e00000, 0x00000000e0ee4b40, 0x00000000e0f00000| 89%| O|  |TAMS 0x00000000e0e00000| PB 0x00000000e0e00000| Untracked |  0
|  15|0x00000000e0f00000, 0x00000000e1000000, 0x00000000e1000000|100%|HS|  |TAMS 0x00000000e0f00000| PB 0x00000000e0f00000| Complete |  0
|  16|0x00000000e1000000, 0x00000000e1100000, 0x00000000e1100000|100%|HS|  |TAMS 0x00000000e1000000| PB 0x00000000e1000000| Complete |  0
|  17|0x00000000e1100000, 0x00000000e1200000, 0x00000000e1200000|100%| O|  |TAMS 0x00000000e1100000| PB 0x00000000e1100000| Untracked |  0
|  18|0x00000000e1200000, 0x00000000e1300000, 0x00000000e1300000|100%| O|  |TAMS 0x00000000e1200000| PB 0x00000000e1200000| Untracked |  0
|  19|0x00000000e1300000, 0x00000000e1400000, 0x00000000e1400000|100%| O|  |TAMS 0x00000000e1300000| PB 0x00000000e1300000| Untracked |  0
|  20|0x00000000e1400000, 0x00000000e1500000, 0x00000000e1500000|100%| O|  |TAMS 0x00000000e1400000| PB 0x00000000e1400000| Untracked |  0
|  21|0x00000000e1500000, 0x00000000e1600000, 0x00000000e1600000|100%| O|  |TAMS 0x00000000e1500000| PB 0x00000000e1500000| Untracked |  0
|  22|0x00000000e1600000, 0x00000000e1700000, 0x00000000e1700000|100%| O|  |TAMS 0x00000000e1600000| PB 0x00000000e1600000| Untracked |  0
|  23|0x00000000e1700000, 0x00000000e1800000, 0x00000000e1800000|100%| O|  |TAMS 0x00000000e1700000| PB 0x00000000e1700000| Untracked |  0
|  24|0x00000000e1800000, 0x00000000e1900000, 0x00000000e1900000|100%| O|  |TAMS 0x00000000e1800000| PB 0x00000000e1800000| Untracked |  0
|  25|0x00000000e1900000, 0x00000000e1a00000, 0x00000000e1a00000|100%| O|  |TAMS 0x00000000e1900000| PB 0x00000000e1900000| Untracked |  0
|  26|0x00000000e1a00000, 0x00000000e1a00000, 0x00000000e1b00000|  0%| F|  |TAMS 0x00000000e1a00000| PB 0x00000000e1a00000| Untracked |  0
|  27|0x00000000e1b00000, 0x00000000e1b00000, 0x00000000e1c00000|  0%| F|  |TAMS 0x00000000e1b00000| PB 0x00000000e1b00000| Untracked |  0
|  28|0x00000000e1c00000, 0x00000000e1c00000, 0x00000000e1d00000|  0%| F|  |TAMS 0x00000000e1c00000| PB 0x00000000e1c00000| Untracked |  0
|  29|0x00000000e1d00000, 0x00000000e1d00000, 0x00000000e1e00000|  0%| F|  |TAMS 0x00000000e1d00000| PB 0x00000000e1d00000| Untracked |  0
|  30|0x00000000e1e00000, 0x00000000e1e00000, 0x00000000e1f00000|  0%| F|  |TAMS 0x00000000e1e00000| PB 0x00000000e1e00000| Untracked |  0
|  31|0x00000000e1f00000, 0x00000000e1f00000, 0x00000000e2000000|  0%| F|  |TAMS 0x00000000e1f00000| PB 0x00000000e1f00000| Untracked |  0
|  32|0x00000000e2000000, 0x00000000e2000000, 0x00000000e2100000|  0%| F|  |TAMS 0x00000000e2000000| PB 0x00000000e2000000| Untracked |  0
|  33|0x00000000e2100000, 0x00000000e2100000, 0x00000000e2200000|  0%| F|  |TAMS 0x00000000e2100000| PB 0x00000000e2100000| Untracked |  0
|  34|0x00000000e2200000, 0x00000000e2200000, 0x00000000e2300000|  0%| F|  |TAMS 0x00000000e2200000| PB 0x00000000e2200000| Untracked |  0
|  35|0x00000000e2300000, 0x00000000e2300000, 0x00000000e2400000|  0%| F|  |TAMS 0x00000000e2300000| PB 0x00000000e2300000| Untracked |  0
|  36|0x00000000e2400000, 0x00000000e2400000, 0x00000000e2500000|  0%| F|  |TAMS 0x00000000e2400000| PB 0x00000000e2400000| Untracked |  0
|  37|0x00000000e2500000, 0x00000000e2500000, 0x00000000e2600000|  0%| F|  |TAMS 0x00000000e2500000| PB 0x00000000e2500000| Untracked |  0
|  38|0x00000000e2600000, 0x00000000e2600000, 0x00000000e2700000|  0%| F|  |TAMS 0x00000000e2600000| PB 0x00000000e2600000| Untracked |  0
|  39|0x00000000e2700000, 0x00000000e2700000, 0x00000000e2800000|  0%| F|  |TAMS 0x00000000e2700000| PB 0x00000000e2700000| Untracked |  0
|  40|0x00000000e2800000, 0x00000000e2800000, 0x00000000e2900000|  0%| F|  |TAMS 0x00000000e2800000| PB 0x00000000e2800000| Untracked |  0
|  41|0x00000000e2900000, 0x00000000e2900000, 0x00000000e2a00000|  0%| F|  |TAMS 0x00000000e2900000| PB 0x00000000e2900000| Untracked |  0
|  42|0x00000000e2a00000, 0x00000000e2a00000, 0x00000000e2b00000|  0%| F|  |TAMS 0x00000000e2a00000| PB 0x00000000e2a00000| Untracked |  0
|  43|0x00000000e2b00000, 0x00000000e2b00000, 0x00000000e2c00000|  0%| F|  |TAMS 0x00000000e2b00000| PB 0x00000000e2b00000| Untracked |  0
|  44|0x00000000e2c00000, 0x00000000e2c00000, 0x00000000e2d00000|  0%| F|  |TAMS 0x00000000e2c00000| PB 0x00000000e2c00000| Untracked |  0
|  45|0x00000000e2d00000, 0x00000000e2d00000, 0x00000000e2e00000|  0%| F|  |TAMS 0x00000000e2d00000| PB 0x00000000e2d00000| Untracked |  0
|  46|0x00000000e2e00000, 0x00000000e2e00000, 0x00000000e2f00000|  0%| F|  |TAMS 0x00000000e2e00000| PB 0x00000000e2e00000| Untracked |  0
|  47|0x00000000e2f00000, 0x00000000e2f00000, 0x00000000e3000000|  0%| F|  |TAMS 0x00000000e2f00000| PB 0x00000000e2f00000| Untracked |  0
|  48|0x00000000e3000000, 0x00000000e3000000, 0x00000000e3100000|  0%| F|  |TAMS 0x00000000e3000000| PB 0x00000000e3000000| Untracked |  0
|  49|0x00000000e3100000, 0x00000000e3100000, 0x00000000e3200000|  0%| F|  |TAMS 0x00000000e3100000| PB 0x00000000e3100000| Untracked |  0
|  50|0x00000000e3200000, 0x00000000e3200000, 0x00000000e3300000|  0%| F|  |TAMS 0x00000000e3200000| PB 0x00000000e3200000| Untracked |  0
|  51|0x00000000e3300000, 0x00000000e3300000, 0x00000000e3400000|  0%| F|  |TAMS 0x00000000e3300000| PB 0x00000000e3300000| Untracked |  0
|  52|0x00000000e3400000, 0x00000000e3400000, 0x00000000e3500000|  0%| F|  |TAMS 0x00000000e3400000| PB 0x00000000e3400000| Untracked |  0
|  53|0x00000000e3500000, 0x00000000e3500000, 0x00000000e3600000|  0%| F|  |TAMS 0x00000000e3500000| PB 0x00000000e3500000| Untracked |  0
|  54|0x00000000e3600000, 0x00000000e3600000, 0x00000000e3700000|  0%| F|  |TAMS 0x00000000e3600000| PB 0x00000000e3600000| Untracked |  0
|  55|0x00000000e3700000, 0x00000000e3700000, 0x00000000e3800000|  0%| F|  |TAMS 0x00000000e3700000| PB 0x00000000e3700000| Untracked |  0
|  56|0x00000000e3800000, 0x00000000e3800000, 0x00000000e3900000|  0%| F|  |TAMS 0x00000000e3800000| PB 0x00000000e3800000| Untracked |  0
|  57|0x00000000e3900000, 0x00000000e3900000, 0x00000000e3a00000|  0%| F|  |TAMS 0x00000000e3900000| PB 0x00000000e3900000| Untracked |  0
|  58|0x00000000e3a00000, 0x00000000e3a00000, 0x00000000e3b00000|  0%| F|  |TAMS 0x00000000e3a00000| PB 0x00000000e3a00000| Untracked |  0
|  59|0x00000000e3b00000, 0x00000000e3b00000, 0x00000000e3c00000|  0%| F|  |TAMS 0x00000000e3b00000| PB 0x00000000e3b00000| Untracked |  0
|  60|0x00000000e3c00000, 0x00000000e3c00000, 0x00000000e3d00000|  0%| F|  |TAMS 0x00000000e3c00000| PB 0x00000000e3c00000| Untracked |  0
|  61|0x00000000e3d00000, 0x00000000e3d00000, 0x00000000e3e00000|  0%| F|  |TAMS 0x00000000e3d00000| PB 0x00000000e3d00000| Untracked |  0
|  62|0x00000000e3e00000, 0x00000000e3e00000, 0x00000000e3f00000|  0%| F|  |TAMS 0x00000000e3e00000| PB 0x00000000e3e00000| Untracked |  0
|  63|0x00000000e3f00000, 0x00000000e3f00000, 0x00000000e4000000|  0%| F|  |TAMS 0x00000000e3f00000| PB 0x00000000e3f00000| Untracked |  0
|  64|0x00000000e4000000, 0x00000000e4000000, 0x00000000e4100000|  0%| F|  |TAMS 0x00000000e4000000| PB 0x00000000e4000000| Untracked |  0
|  65|0x00000000e4100000, 0x00000000e4100000, 0x00000000e4200000|  0%| F|  |TAMS 0x00000000e4100000| PB 0x00000000e4100000| Untracked |  0
|  66|0x00000000e4200000, 0x00000000e4200000, 0x00000000e4300000|  0%| F|  |TAMS 0x00000000e4200000| PB 0x00000000e4200000| Untracked |  0
|  67|0x00000000e4300000, 0x00000000e4300000, 0x00000000e4400000|  0%| F|  |TAMS 0x00000000e4300000| PB 0x00000000e4300000| Untracked |  0
|  68|0x00000000e4400000, 0x00000000e4400000, 0x00000000e4500000|  0%| F|  |TAMS 0x00000000e4400000| PB 0x00000000e4400000| Untracked |  0
|  69|0x00000000e4500000, 0x00000000e4500000, 0x00000000e4600000|  0%| F|  |TAMS 0x00000000e4500000| PB 0x00000000e4500000| Untracked |  0
|  70|0x00000000e4600000, 0x00000000e4600000, 0x00000000e4700000|  0%| F|  |TAMS 0x00000000e4600000| PB 0x00000000e4600000| Untracked |  0
|  71|0x00000000e4700000, 0x00000000e4700000, 0x00000000e4800000|  0%| F|  |TAMS 0x00000000e4700000| PB 0x00000000e4700000| Untracked |  0
|  72|0x00000000e4800000, 0x00000000e4800000, 0x00000000e4900000|  0%| F|  |TAMS 0x00000000e4800000| PB 0x00000000e4800000| Untracked |  0
|  73|0x00000000e4900000, 0x00000000e4900000, 0x00000000e4a00000|  0%| F|  |TAMS 0x00000000e4900000| PB 0x00000000e4900000| Untracked |  0
|  74|0x00000000e4a00000, 0x00000000e4a00000, 0x00000000e4b00000|  0%| F|  |TAMS 0x00000000e4a00000| PB 0x00000000e4a00000| Untracked |  0
|  75|0x00000000e4b00000, 0x00000000e4b00000, 0x00000000e4c00000|  0%| F|  |TAMS 0x00000000e4b00000| PB 0x00000000e4b00000| Untracked |  0
|  76|0x00000000e4c00000, 0x00000000e4c00000, 0x00000000e4d00000|  0%| F|  |TAMS 0x00000000e4c00000| PB 0x00000000e4c00000| Untracked |  0
|  77|0x00000000e4d00000, 0x00000000e4d00000, 0x00000000e4e00000|  0%| F|  |TAMS 0x00000000e4d00000| PB 0x00000000e4d00000| Untracked |  0
|  78|0x00000000e4e00000, 0x00000000e4e00000, 0x00000000e4f00000|  0%| F|  |TAMS 0x00000000e4e00000| PB 0x00000000e4e00000| Untracked |  0
|  79|0x00000000e4f00000, 0x00000000e4f00000, 0x00000000e5000000|  0%| F|  |TAMS 0x00000000e4f00000| PB 0x00000000e4f00000| Untracked |  0
|  80|0x00000000e5000000, 0x00000000e5000000, 0x00000000e5100000|  0%| F|  |TAMS 0x00000000e5000000| PB 0x00000000e5000000| Untracked |  0
|  81|0x00000000e5100000, 0x00000000e5100000, 0x00000000e5200000|  0%| F|  |TAMS 0x00000000e5100000| PB 0x00000000e5100000| Untracked |  0
|  82|0x00000000e5200000, 0x00000000e5200000, 0x00000000e5300000|  0%| F|  |TAMS 0x00000000e5200000| PB 0x00000000e5200000| Untracked |  0
|  83|0x00000000e5300000, 0x00000000e5300000, 0x00000000e5400000|  0%| F|  |TAMS 0x00000000e5300000| PB 0x00000000e5300000| Untracked |  0
|  84|0x00000000e5400000, 0x00000000e5400000, 0x00000000e5500000|  0%| F|  |TAMS 0x00000000e5400000| PB 0x00000000e5400000| Untracked |  0
|  85|0x00000000e5500000, 0x00000000e5500000, 0x00000000e5600000|  0%| F|  |TAMS 0x00000000e5500000| PB 0x00000000e5500000| Untracked |  0
|  86|0x00000000e5600000, 0x00000000e5600000, 0x00000000e5700000|  0%| F|  |TAMS 0x00000000e5600000| PB 0x00000000e5600000| Untracked |  0
|  87|0x00000000e5700000, 0x00000000e5700000, 0x00000000e5800000|  0%| F|  |TAMS 0x00000000e5700000| PB 0x00000000e5700000| Untracked |  0
|  88|0x00000000e5800000, 0x00000000e5800000, 0x00000000e5900000|  0%| F|  |TAMS 0x00000000e5800000| PB 0x00000000e5800000| Untracked |  0
|  89|0x00000000e5900000, 0x00000000e5900000, 0x00000000e5a00000|  0%| F|  |TAMS 0x00000000e5900000| PB 0x00000000e5900000| Untracked |  0
|  90|0x00000000e5a00000, 0x00000000e5a00000, 0x00000000e5b00000|  0%| F|  |TAMS 0x00000000e5a00000| PB 0x00000000e5a00000| Untracked |  0
|  91|0x00000000e5b00000, 0x00000000e5b00000, 0x00000000e5c00000|  0%| F|  |TAMS 0x00000000e5b00000| PB 0x00000000e5b00000| Untracked |  0
|  92|0x00000000e5c00000, 0x00000000e5c00000, 0x00000000e5d00000|  0%| F|  |TAMS 0x00000000e5c00000| PB 0x00000000e5c00000| Untracked |  0
|  93|0x00000000e5d00000, 0x00000000e5d00000, 0x00000000e5e00000|  0%| F|  |TAMS 0x00000000e5d00000| PB 0x00000000e5d00000| Untracked |  0
|  94|0x00000000e5e00000, 0x00000000e5e00000, 0x00000000e5f00000|  0%| F|  |TAMS 0x00000000e5e00000| PB 0x00000000e5e00000| Untracked |  0
|  95|0x00000000e5f00000, 0x00000000e5f00000, 0x00000000e6000000|  0%| F|  |TAMS 0x00000000e5f00000| PB 0x00000000e5f00000| Untracked |  0
|  96|0x00000000e6000000, 0x00000000e6000000, 0x00000000e6100000|  0%| F|  |TAMS 0x00000000e6000000| PB 0x00000000e6000000| Untracked |  0
|  97|0x00000000e6100000, 0x00000000e6100000, 0x00000000e6200000|  0%| F|  |TAMS 0x00000000e6100000| PB 0x00000000e6100000| Untracked |  0
|  98|0x00000000e6200000, 0x00000000e6200000, 0x00000000e6300000|  0%| F|  |TAMS 0x00000000e6200000| PB 0x00000000e6200000| Untracked |  0
|  99|0x00000000e6300000, 0x00000000e6300000, 0x00000000e6400000|  0%| F|  |TAMS 0x00000000e6300000| PB 0x00000000e6300000| Untracked |  0
| 100|0x00000000e6400000, 0x00000000e6400000, 0x00000000e6500000|  0%| F|  |TAMS 0x00000000e6400000| PB 0x00000000e6400000| Untracked |  0
| 101|0x00000000e6500000, 0x00000000e6500000, 0x00000000e6600000|  0%| F|  |TAMS 0x00000000e6500000| PB 0x00000000e6500000| Untracked |  0
| 102|0x00000000e6600000, 0x00000000e6600000, 0x00000000e6700000|  0%| F|  |TAMS 0x00000000e6600000| PB 0x00000000e6600000| Untracked |  0
| 103|0x00000000e6700000, 0x00000000e6700000, 0x00000000e6800000|  0%| F|  |TAMS 0x00000000e6700000| PB 0x00000000e6700000| Untracked |  0
| 104|0x00000000e6800000, 0x00000000e6800000, 0x00000000e6900000|  0%| F|  |TAMS 0x00000000e6800000| PB 0x00000000e6800000| Untracked |  0
| 105|0x00000000e6900000, 0x00000000e6900000, 0x00000000e6a00000|  0%| F|  |TAMS 0x00000000e6900000| PB 0x00000000e6900000| Untracked |  0
| 106|0x00000000e6a00000, 0x00000000e6a00000, 0x00000000e6b00000|  0%| F|  |TAMS 0x00000000e6a00000| PB 0x00000000e6a00000| Untracked |  0
| 107|0x00000000e6b00000, 0x00000000e6b00000, 0x00000000e6c00000|  0%| F|  |TAMS 0x00000000e6b00000| PB 0x00000000e6b00000| Untracked |  0
| 108|0x00000000e6c00000, 0x00000000e6c00000, 0x00000000e6d00000|  0%| F|  |TAMS 0x00000000e6c00000| PB 0x00000000e6c00000| Untracked |  0
| 109|0x00000000e6d00000, 0x00000000e6d00000, 0x00000000e6e00000|  0%| F|  |TAMS 0x00000000e6d00000| PB 0x00000000e6d00000| Untracked |  0
| 110|0x00000000e6e00000, 0x00000000e6e00000, 0x00000000e6f00000|  0%| F|  |TAMS 0x00000000e6e00000| PB 0x00000000e6e00000| Untracked |  0
| 111|0x00000000e6f00000, 0x00000000e6f00000, 0x00000000e7000000|  0%| F|  |TAMS 0x00000000e6f00000| PB 0x00000000e6f00000| Untracked |  0
| 112|0x00000000e7000000, 0x00000000e7000000, 0x00000000e7100000|  0%| F|  |TAMS 0x00000000e7000000| PB 0x00000000e7000000| Untracked |  0
| 113|0x00000000e7100000, 0x00000000e7100000, 0x00000000e7200000|  0%| F|  |TAMS 0x00000000e7100000| PB 0x00000000e7100000| Untracked |  0
| 114|0x00000000e7200000, 0x00000000e7280000, 0x00000000e7300000| 50%| E|  |TAMS 0x00000000e7200000| PB 0x00000000e7200000| Complete |  0
| 115|0x00000000e7300000, 0x00000000e7400000, 0x00000000e7400000|100%| E|CS|TAMS 0x00000000e7300000| PB 0x00000000e7300000| Complete |  0
| 116|0x00000000e7400000, 0x00000000e7500000, 0x00000000e7500000|100%| E|CS|TAMS 0x00000000e7400000| PB 0x00000000e7400000| Complete |  0
| 117|0x00000000e7500000, 0x00000000e7600000, 0x00000000e7600000|100%| E|CS|TAMS 0x00000000e7500000| PB 0x00000000e7500000| Complete |  0
| 118|0x00000000e7600000, 0x00000000e7700000, 0x00000000e7700000|100%| E|CS|TAMS 0x00000000e7600000| PB 0x00000000e7600000| Complete |  0
| 119|0x00000000e7700000, 0x00000000e7800000, 0x00000000e7800000|100%| E|CS|TAMS 0x00000000e7700000| PB 0x00000000e7700000| Complete |  0
| 120|0x00000000e7800000, 0x00000000e7900000, 0x00000000e7900000|100%| E|CS|TAMS 0x00000000e7800000| PB 0x00000000e7800000| Complete |  0
| 121|0x00000000e7900000, 0x00000000e7a00000, 0x00000000e7a00000|100%| E|CS|TAMS 0x00000000e7900000| PB 0x00000000e7900000| Complete |  0
| 122|0x00000000e7a00000, 0x00000000e7b00000, 0x00000000e7b00000|100%| E|CS|TAMS 0x00000000e7a00000| PB 0x00000000e7a00000| Complete |  0
| 123|0x00000000e7b00000, 0x00000000e7c00000, 0x00000000e7c00000|100%| E|CS|TAMS 0x00000000e7b00000| PB 0x00000000e7b00000| Complete |  0
| 124|0x00000000e7c00000, 0x00000000e7d00000, 0x00000000e7d00000|100%| E|CS|TAMS 0x00000000e7c00000| PB 0x00000000e7c00000| Complete |  0
| 125|0x00000000e7d00000, 0x00000000e7e00000, 0x00000000e7e00000|100%| E|CS|TAMS 0x00000000e7d00000| PB 0x00000000e7d00000| Complete |  0
| 126|0x00000000e7e00000, 0x00000000e7f00000, 0x00000000e7f00000|100%| E|CS|TAMS 0x00000000e7e00000| PB 0x00000000e7e00000| Complete |  0
| 127|0x00000000e7f00000, 0x00000000e8000000, 0x00000000e8000000|100%| E|CS|TAMS 0x00000000e7f00000| PB 0x00000000e7f00000| Complete |  0
| 128|0x00000000e8000000, 0x00000000e8100000, 0x00000000e8100000|100%| E|CS|TAMS 0x00000000e8000000| PB 0x00000000e8000000| Complete |  0
| 129|0x00000000e8100000, 0x00000000e8200000, 0x00000000e8200000|100%| E|CS|TAMS 0x00000000e8100000| PB 0x00000000e8100000| Complete |  0
| 130|0x00000000e8200000, 0x00000000e8300000, 0x00000000e8300000|100%| E|CS|TAMS 0x00000000e8200000| PB 0x00000000e8200000| Complete |  0
| 131|0x00000000e8300000, 0x00000000e8400000, 0x00000000e8400000|100%| E|CS|TAMS 0x00000000e8300000| PB 0x00000000e8300000| Complete |  0
| 132|0x00000000e8400000, 0x00000000e8500000, 0x00000000e8500000|100%| E|CS|TAMS 0x00000000e8400000| PB 0x00000000e8400000| Complete |  0
| 133|0x00000000e8500000, 0x00000000e8600000, 0x00000000e8600000|100%| E|CS|TAMS 0x00000000e8500000| PB 0x00000000e8500000| Complete |  0
| 134|0x00000000e8600000, 0x00000000e8700000, 0x00000000e8700000|100%| E|CS|TAMS 0x00000000e8600000| PB 0x00000000e8600000| Complete |  0
| 135|0x00000000e8700000, 0x00000000e8800000, 0x00000000e8800000|100%| E|CS|TAMS 0x00000000e8700000| PB 0x00000000e8700000| Complete |  0
| 136|0x00000000e8800000, 0x00000000e8900000, 0x00000000e8900000|100%| E|CS|TAMS 0x00000000e8800000| PB 0x00000000e8800000| Complete |  0
| 137|0x00000000e8900000, 0x00000000e8a00000, 0x00000000e8a00000|100%| E|CS|TAMS 0x00000000e8900000| PB 0x00000000e8900000| Complete |  0
| 138|0x00000000e8a00000, 0x00000000e8b00000, 0x00000000e8b00000|100%| E|CS|TAMS 0x00000000e8a00000| PB 0x00000000e8a00000| Complete |  0
| 139|0x00000000e8b00000, 0x00000000e8c00000, 0x00000000e8c00000|100%| E|CS|TAMS 0x00000000e8b00000| PB 0x00000000e8b00000| Complete |  0
| 140|0x00000000e8c00000, 0x00000000e8d00000, 0x00000000e8d00000|100%| E|CS|TAMS 0x00000000e8c00000| PB 0x00000000e8c00000| Complete |  0
| 141|0x00000000e8d00000, 0x00000000e8e00000, 0x00000000e8e00000|100%| E|CS|TAMS 0x00000000e8d00000| PB 0x00000000e8d00000| Complete |  0
| 142|0x00000000e8e00000, 0x00000000e8f00000, 0x00000000e8f00000|100%| E|CS|TAMS 0x00000000e8e00000| PB 0x00000000e8e00000| Complete |  0
| 143|0x00000000e8f00000, 0x00000000e9000000, 0x00000000e9000000|100%| E|CS|TAMS 0x00000000e8f00000| PB 0x00000000e8f00000| Complete |  0
| 144|0x00000000e9000000, 0x00000000e9100000, 0x00000000e9100000|100%| E|CS|TAMS 0x00000000e9000000| PB 0x00000000e9000000| Complete |  0
| 145|0x00000000e9100000, 0x00000000e9200000, 0x00000000e9200000|100%| E|CS|TAMS 0x00000000e9100000| PB 0x00000000e9100000| Complete |  0
| 146|0x00000000e9200000, 0x00000000e9300000, 0x00000000e9300000|100%| E|CS|TAMS 0x00000000e9200000| PB 0x00000000e9200000| Complete |  0
| 147|0x00000000e9300000, 0x00000000e9400000, 0x00000000e9400000|100%| E|CS|TAMS 0x00000000e9300000| PB 0x00000000e9300000| Complete |  0
| 148|0x00000000e9400000, 0x00000000e9500000, 0x00000000e9500000|100%| E|CS|TAMS 0x00000000e9400000| PB 0x00000000e9400000| Complete |  0
| 149|0x00000000e9500000, 0x00000000e9600000, 0x00000000e9600000|100%| E|CS|TAMS 0x00000000e9500000| PB 0x00000000e9500000| Complete |  0
| 150|0x00000000e9600000, 0x00000000e9700000, 0x00000000e9700000|100%| E|CS|TAMS 0x00000000e9600000| PB 0x00000000e9600000| Complete |  0
| 151|0x00000000e9700000, 0x00000000e9800000, 0x00000000e9800000|100%| E|CS|TAMS 0x00000000e9700000| PB 0x00000000e9700000| Complete |  0
| 152|0x00000000e9800000, 0x00000000e9900000, 0x00000000e9900000|100%| E|CS|TAMS 0x00000000e9800000| PB 0x00000000e9800000| Complete |  0
| 153|0x00000000e9900000, 0x00000000e9a00000, 0x00000000e9a00000|100%| E|CS|TAMS 0x00000000e9900000| PB 0x00000000e9900000| Complete |  0
| 154|0x00000000e9a00000, 0x00000000e9b00000, 0x00000000e9b00000|100%| E|CS|TAMS 0x00000000e9a00000| PB 0x00000000e9a00000| Complete |  0
| 155|0x00000000e9b00000, 0x00000000e9c00000, 0x00000000e9c00000|100%| E|CS|TAMS 0x00000000e9b00000| PB 0x00000000e9b00000| Complete |  0
| 156|0x00000000e9c00000, 0x00000000e9d00000, 0x00000000e9d00000|100%| E|CS|TAMS 0x00000000e9c00000| PB 0x00000000e9c00000| Complete |  0
| 157|0x00000000e9d00000, 0x00000000e9e00000, 0x00000000e9e00000|100%| E|CS|TAMS 0x00000000e9d00000| PB 0x00000000e9d00000| Complete |  0
| 158|0x00000000e9e00000, 0x00000000e9f00000, 0x00000000e9f00000|100%| E|CS|TAMS 0x00000000e9e00000| PB 0x00000000e9e00000| Complete |  0
| 159|0x00000000e9f00000, 0x00000000ea000000, 0x00000000ea000000|100%| E|CS|TAMS 0x00000000e9f00000| PB 0x00000000e9f00000| Complete |  0
| 160|0x00000000ea000000, 0x00000000ea100000, 0x00000000ea100000|100%| E|CS|TAMS 0x00000000ea000000| PB 0x00000000ea000000| Complete |  0
| 161|0x00000000ea100000, 0x00000000ea200000, 0x00000000ea200000|100%| E|CS|TAMS 0x00000000ea100000| PB 0x00000000ea100000| Complete |  0
| 162|0x00000000ea200000, 0x00000000ea300000, 0x00000000ea300000|100%| E|CS|TAMS 0x00000000ea200000| PB 0x00000000ea200000| Complete |  0
| 163|0x00000000ea300000, 0x00000000ea400000, 0x00000000ea400000|100%| E|CS|TAMS 0x00000000ea300000| PB 0x00000000ea300000| Complete |  0
| 164|0x00000000ea400000, 0x00000000ea500000, 0x00000000ea500000|100%| E|CS|TAMS 0x00000000ea400000| PB 0x00000000ea400000| Complete |  0
| 165|0x00000000ea500000, 0x00000000ea600000, 0x00000000ea600000|100%| E|CS|TAMS 0x00000000ea500000| PB 0x00000000ea500000| Complete |  0
| 166|0x00000000ea600000, 0x00000000ea700000, 0x00000000ea700000|100%| E|CS|TAMS 0x00000000ea600000| PB 0x00000000ea600000| Complete |  0
| 167|0x00000000ea700000, 0x00000000ea800000, 0x00000000ea800000|100%| E|CS|TAMS 0x00000000ea700000| PB 0x00000000ea700000| Complete |  0
| 168|0x00000000ea800000, 0x00000000ea900000, 0x00000000ea900000|100%| E|CS|TAMS 0x00000000ea800000| PB 0x00000000ea800000| Complete |  0
| 169|0x00000000ea900000, 0x00000000eaa00000, 0x00000000eaa00000|100%| E|CS|TAMS 0x00000000ea900000| PB 0x00000000ea900000| Complete |  0
| 170|0x00000000eaa00000, 0x00000000eab00000, 0x00000000eab00000|100%| E|CS|TAMS 0x00000000eaa00000| PB 0x00000000eaa00000| Complete |  0
| 171|0x00000000eab00000, 0x00000000eac00000, 0x00000000eac00000|100%| E|CS|TAMS 0x00000000eab00000| PB 0x00000000eab00000| Complete |  0
| 172|0x00000000eac00000, 0x00000000ead00000, 0x00000000ead00000|100%| E|CS|TAMS 0x00000000eac00000| PB 0x00000000eac00000| Complete |  0
| 173|0x00000000ead00000, 0x00000000eae00000, 0x00000000eae00000|100%| E|CS|TAMS 0x00000000ead00000| PB 0x00000000ead00000| Complete |  0
| 174|0x00000000eae00000, 0x00000000eaf00000, 0x00000000eaf00000|100%| E|CS|TAMS 0x00000000eae00000| PB 0x00000000eae00000| Complete |  0
| 175|0x00000000eaf00000, 0x00000000eb000000, 0x00000000eb000000|100%| E|CS|TAMS 0x00000000eaf00000| PB 0x00000000eaf00000| Complete |  0
| 176|0x00000000eb000000, 0x00000000eb100000, 0x00000000eb100000|100%| E|CS|TAMS 0x00000000eb000000| PB 0x00000000eb000000| Complete |  0
| 177|0x00000000eb100000, 0x00000000eb200000, 0x00000000eb200000|100%| E|CS|TAMS 0x00000000eb100000| PB 0x00000000eb100000| Complete |  0
| 178|0x00000000eb200000, 0x00000000eb300000, 0x00000000eb300000|100%| E|CS|TAMS 0x00000000eb200000| PB 0x00000000eb200000| Complete |  0
| 179|0x00000000eb300000, 0x00000000eb400000, 0x00000000eb400000|100%| E|CS|TAMS 0x00000000eb300000| PB 0x00000000eb300000| Complete |  0
| 180|0x00000000eb400000, 0x00000000eb500000, 0x00000000eb500000|100%| E|CS|TAMS 0x00000000eb400000| PB 0x00000000eb400000| Complete |  0
| 181|0x00000000eb500000, 0x00000000eb600000, 0x00000000eb600000|100%| E|CS|TAMS 0x00000000eb500000| PB 0x00000000eb500000| Complete |  0
| 182|0x00000000eb600000, 0x00000000eb700000, 0x00000000eb700000|100%| E|CS|TAMS 0x00000000eb600000| PB 0x00000000eb600000| Complete |  0
| 183|0x00000000eb700000, 0x00000000eb800000, 0x00000000eb800000|100%| E|CS|TAMS 0x00000000eb700000| PB 0x00000000eb700000| Complete |  0
| 184|0x00000000eb800000, 0x00000000eb900000, 0x00000000eb900000|100%| E|CS|TAMS 0x00000000eb800000| PB 0x00000000eb800000| Complete |  0
| 185|0x00000000eb900000, 0x00000000eba00000, 0x00000000eba00000|100%| E|CS|TAMS 0x00000000eb900000| PB 0x00000000eb900000| Complete |  0
| 186|0x00000000eba00000, 0x00000000ebb00000, 0x00000000ebb00000|100%| E|CS|TAMS 0x00000000eba00000| PB 0x00000000eba00000| Complete |  0
| 187|0x00000000ebb00000, 0x00000000ebc00000, 0x00000000ebc00000|100%| E|CS|TAMS 0x00000000ebb00000| PB 0x00000000ebb00000| Complete |  0
| 188|0x00000000ebc00000, 0x00000000ebd00000, 0x00000000ebd00000|100%| E|CS|TAMS 0x00000000ebc00000| PB 0x00000000ebc00000| Complete |  0
| 189|0x00000000ebd00000, 0x00000000ebe00000, 0x00000000ebe00000|100%| E|CS|TAMS 0x00000000ebd00000| PB 0x00000000ebd00000| Complete |  0
| 190|0x00000000ebe00000, 0x00000000ebf00000, 0x00000000ebf00000|100%| E|CS|TAMS 0x00000000ebe00000| PB 0x00000000ebe00000| Complete |  0
| 191|0x00000000ebf00000, 0x00000000ec000000, 0x00000000ec000000|100%| E|CS|TAMS 0x00000000ebf00000| PB 0x00000000ebf00000| Complete |  0
| 192|0x00000000ec000000, 0x00000000ec100000, 0x00000000ec100000|100%| E|CS|TAMS 0x00000000ec000000| PB 0x00000000ec000000| Complete |  0
| 193|0x00000000ec100000, 0x00000000ec200000, 0x00000000ec200000|100%| E|CS|TAMS 0x00000000ec100000| PB 0x00000000ec100000| Complete |  0
| 194|0x00000000ec200000, 0x00000000ec300000, 0x00000000ec300000|100%| E|CS|TAMS 0x00000000ec200000| PB 0x00000000ec200000| Complete |  0
| 195|0x00000000ec300000, 0x00000000ec400000, 0x00000000ec400000|100%| E|CS|TAMS 0x00000000ec300000| PB 0x00000000ec300000| Complete |  0
| 196|0x00000000ec400000, 0x00000000ec500000, 0x00000000ec500000|100%| E|CS|TAMS 0x00000000ec400000| PB 0x00000000ec400000| Complete |  0
| 197|0x00000000ec500000, 0x00000000ec600000, 0x00000000ec600000|100%| E|CS|TAMS 0x00000000ec500000| PB 0x00000000ec500000| Complete |  0
| 198|0x00000000ec600000, 0x00000000ec700000, 0x00000000ec700000|100%| E|CS|TAMS 0x00000000ec600000| PB 0x00000000ec600000| Complete |  0
| 199|0x00000000ec700000, 0x00000000ec800000, 0x00000000ec800000|100%| E|CS|TAMS 0x00000000ec700000| PB 0x00000000ec700000| Complete |  0
| 200|0x00000000ec800000, 0x00000000ec900000, 0x00000000ec900000|100%| E|CS|TAMS 0x00000000ec800000| PB 0x00000000ec800000| Complete |  0
| 201|0x00000000ec900000, 0x00000000eca00000, 0x00000000eca00000|100%| E|CS|TAMS 0x00000000ec900000| PB 0x00000000ec900000| Complete |  0
| 202|0x00000000eca00000, 0x00000000ecb00000, 0x00000000ecb00000|100%| E|CS|TAMS 0x00000000eca00000| PB 0x00000000eca00000| Complete |  0
| 203|0x00000000ecb00000, 0x00000000ecc00000, 0x00000000ecc00000|100%| E|CS|TAMS 0x00000000ecb00000| PB 0x00000000ecb00000| Complete |  0
| 204|0x00000000ecc00000, 0x00000000ecd00000, 0x00000000ecd00000|100%| E|CS|TAMS 0x00000000ecc00000| PB 0x00000000ecc00000| Complete |  0
| 205|0x00000000ecd00000, 0x00000000ece00000, 0x00000000ece00000|100%| E|CS|TAMS 0x00000000ecd00000| PB 0x00000000ecd00000| Complete |  0
| 206|0x00000000ece00000, 0x00000000ecf00000, 0x00000000ecf00000|100%| E|CS|TAMS 0x00000000ece00000| PB 0x00000000ece00000| Complete |  0
| 207|0x00000000ecf00000, 0x00000000ed000000, 0x00000000ed000000|100%| E|CS|TAMS 0x00000000ecf00000| PB 0x00000000ecf00000| Complete |  0
| 208|0x00000000ed000000, 0x00000000ed100000, 0x00000000ed100000|100%| E|CS|TAMS 0x00000000ed000000| PB 0x00000000ed000000| Complete |  0
| 209|0x00000000ed100000, 0x00000000ed200000, 0x00000000ed200000|100%| E|CS|TAMS 0x00000000ed100000| PB 0x00000000ed100000| Complete |  0
| 210|0x00000000ed200000, 0x00000000ed300000, 0x00000000ed300000|100%| E|CS|TAMS 0x00000000ed200000| PB 0x00000000ed200000| Complete |  0
| 211|0x00000000ed300000, 0x00000000ed400000, 0x00000000ed400000|100%| E|CS|TAMS 0x00000000ed300000| PB 0x00000000ed300000| Complete |  0
| 212|0x00000000ed400000, 0x00000000ed500000, 0x00000000ed500000|100%| E|CS|TAMS 0x00000000ed400000| PB 0x00000000ed400000| Complete |  0
| 213|0x00000000ed500000, 0x00000000ed600000, 0x00000000ed600000|100%| E|CS|TAMS 0x00000000ed500000| PB 0x00000000ed500000| Complete |  0
| 214|0x00000000ed600000, 0x00000000ed700000, 0x00000000ed700000|100%| E|CS|TAMS 0x00000000ed600000| PB 0x00000000ed600000| Complete |  0
| 215|0x00000000ed700000, 0x00000000ed800000, 0x00000000ed800000|100%| E|CS|TAMS 0x00000000ed700000| PB 0x00000000ed700000| Complete |  0
| 216|0x00000000ed800000, 0x00000000ed900000, 0x00000000ed900000|100%| E|CS|TAMS 0x00000000ed800000| PB 0x00000000ed800000| Complete |  0
| 217|0x00000000ed900000, 0x00000000eda00000, 0x00000000eda00000|100%| E|CS|TAMS 0x00000000ed900000| PB 0x00000000ed900000| Complete |  0
| 218|0x00000000eda00000, 0x00000000edb00000, 0x00000000edb00000|100%| E|CS|TAMS 0x00000000eda00000| PB 0x00000000eda00000| Complete |  0
| 219|0x00000000edb00000, 0x00000000edc00000, 0x00000000edc00000|100%| E|CS|TAMS 0x00000000edb00000| PB 0x00000000edb00000| Complete |  0
| 220|0x00000000edc00000, 0x00000000edd00000, 0x00000000edd00000|100%| E|CS|TAMS 0x00000000edc00000| PB 0x00000000edc00000| Complete |  0
| 221|0x00000000edd00000, 0x00000000ede00000, 0x00000000ede00000|100%| E|CS|TAMS 0x00000000edd00000| PB 0x00000000edd00000| Complete |  0
| 222|0x00000000ede00000, 0x00000000edf00000, 0x00000000edf00000|100%| E|CS|TAMS 0x00000000ede00000| PB 0x00000000ede00000| Complete |  0
| 223|0x00000000edf00000, 0x00000000ee000000, 0x00000000ee000000|100%| E|CS|TAMS 0x00000000edf00000| PB 0x00000000edf00000| Complete |  0
| 224|0x00000000ee000000, 0x00000000ee100000, 0x00000000ee100000|100%| E|CS|TAMS 0x00000000ee000000| PB 0x00000000ee000000| Complete |  0
| 225|0x00000000ee100000, 0x00000000ee200000, 0x00000000ee200000|100%| E|CS|TAMS 0x00000000ee100000| PB 0x00000000ee100000| Complete |  0
| 226|0x00000000ee200000, 0x00000000ee300000, 0x00000000ee300000|100%| E|CS|TAMS 0x00000000ee200000| PB 0x00000000ee200000| Complete |  0
| 227|0x00000000ee300000, 0x00000000ee400000, 0x00000000ee400000|100%| E|CS|TAMS 0x00000000ee300000| PB 0x00000000ee300000| Complete |  0
| 228|0x00000000ee400000, 0x00000000ee500000, 0x00000000ee500000|100%| E|CS|TAMS 0x00000000ee400000| PB 0x00000000ee400000| Complete |  0
| 229|0x00000000ee500000, 0x00000000ee600000, 0x00000000ee600000|100%| E|CS|TAMS 0x00000000ee500000| PB 0x00000000ee500000| Complete |  0
| 230|0x00000000ee600000, 0x00000000ee700000, 0x00000000ee700000|100%| E|CS|TAMS 0x00000000ee600000| PB 0x00000000ee600000| Complete |  0
| 231|0x00000000ee700000, 0x00000000ee800000, 0x00000000ee800000|100%| E|CS|TAMS 0x00000000ee700000| PB 0x00000000ee700000| Complete |  0
| 232|0x00000000ee800000, 0x00000000ee900000, 0x00000000ee900000|100%| E|CS|TAMS 0x00000000ee800000| PB 0x00000000ee800000| Complete |  0
| 233|0x00000000ee900000, 0x00000000ee937230, 0x00000000eea00000| 21%| S|CS|TAMS 0x00000000ee900000| PB 0x00000000ee900000| Complete |  0
| 234|0x00000000eea00000, 0x00000000eeb00000, 0x00000000eeb00000|100%| S|CS|TAMS 0x00000000eea00000| PB 0x00000000eea00000| Complete |  0
| 235|0x00000000eeb00000, 0x00000000eec00000, 0x00000000eec00000|100%| S|CS|TAMS 0x00000000eeb00000| PB 0x00000000eeb00000| Complete |  0
| 236|0x00000000eec00000, 0x00000000eed00000, 0x00000000eed00000|100%| S|CS|TAMS 0x00000000eec00000| PB 0x00000000eec00000| Complete |  0
| 237|0x00000000eed00000, 0x00000000eee00000, 0x00000000eee00000|100%| S|CS|TAMS 0x00000000eed00000| PB 0x00000000eed00000| Complete |  0
| 238|0x00000000eee00000, 0x00000000eef00000, 0x00000000eef00000|100%| S|CS|TAMS 0x00000000eee00000| PB 0x00000000eee00000| Complete |  0
| 239|0x00000000eef00000, 0x00000000ef000000, 0x00000000ef000000|100%| S|CS|TAMS 0x00000000eef00000| PB 0x00000000eef00000| Complete |  0
| 240|0x00000000ef000000, 0x00000000ef100000, 0x00000000ef100000|100%| E|CS|TAMS 0x00000000ef000000| PB 0x00000000ef000000| Complete |  0
| 241|0x00000000ef100000, 0x00000000ef200000, 0x00000000ef200000|100%| E|CS|TAMS 0x00000000ef100000| PB 0x00000000ef100000| Complete |  0
| 242|0x00000000ef200000, 0x00000000ef300000, 0x00000000ef300000|100%| E|CS|TAMS 0x00000000ef200000| PB 0x00000000ef200000| Complete |  0
| 243|0x00000000ef300000, 0x00000000ef400000, 0x00000000ef400000|100%| E|CS|TAMS 0x00000000ef300000| PB 0x00000000ef300000| Complete |  0
| 244|0x00000000ef400000, 0x00000000ef500000, 0x00000000ef500000|100%| E|CS|TAMS 0x00000000ef400000| PB 0x00000000ef400000| Complete |  0
| 245|0x00000000ef500000, 0x00000000ef600000, 0x00000000ef600000|100%| E|CS|TAMS 0x00000000ef500000| PB 0x00000000ef500000| Complete |  0
| 246|0x00000000ef600000, 0x00000000ef700000, 0x00000000ef700000|100%| E|CS|TAMS 0x00000000ef600000| PB 0x00000000ef600000| Complete |  0
| 247|0x00000000ef700000, 0x00000000ef800000, 0x00000000ef800000|100%| E|CS|TAMS 0x00000000ef700000| PB 0x00000000ef700000| Complete |  0
| 248|0x00000000ef800000, 0x00000000ef900000, 0x00000000ef900000|100%| E|CS|TAMS 0x00000000ef800000| PB 0x00000000ef800000| Complete |  0
| 249|0x00000000ef900000, 0x00000000efa00000, 0x00000000efa00000|100%| S|CS|TAMS 0x00000000ef900000| PB 0x00000000ef900000| Complete |  0
| 250|0x00000000efa00000, 0x00000000efb00000, 0x00000000efb00000|100%| S|CS|TAMS 0x00000000efa00000| PB 0x00000000efa00000| Complete |  0
| 251|0x00000000efb00000, 0x00000000efc00000, 0x00000000efc00000|100%| S|CS|TAMS 0x00000000efb00000| PB 0x00000000efb00000| Complete |  0
| 252|0x00000000efc00000, 0x00000000efd00000, 0x00000000efd00000|100%| E|CS|TAMS 0x00000000efc00000| PB 0x00000000efc00000| Complete |  0
| 255|0x00000000eff00000, 0x00000000f0000000, 0x00000000f0000000|100%| E|CS|TAMS 0x00000000eff00000| PB 0x00000000eff00000| Complete |  0
| 510|0x00000000ffe00000, 0x00000000fff00000, 0x00000000fff00000|100%| O|  |TAMS 0x00000000ffe00000| PB 0x00000000ffe00000| Untracked |  0
| 511|0x00000000fff00000, 0x0000000100000000, 0x0000000100000000|100%| E|CS|TAMS 0x00000000fff00000| PB 0x00000000fff00000| Complete |  0

Card table byte_map: [0x000001cf74270000,0x000001cf74370000] _byte_map_base: 0x000001cf73b70000

Marking Bits: (CMBitMap*) 0x000001cf6b5bcb70
 Bits: [0x000001cf74370000, 0x000001cf74b70000)

Polling page: 0x000001cf69560000

Metaspace:

Usage:
  Non-class:     42.16 MB used.
      Class:      5.45 MB used.
       Both:     47.61 MB used.

Virtual space:
  Non-class space:       64.00 MB reserved,      43.00 MB ( 67%) committed,  1 nodes.
      Class space:      320.00 MB reserved,       6.25 MB (  2%) committed,  1 nodes.
             Both:      384.00 MB reserved,      49.25 MB ( 13%) committed. 

Chunk freelists:
   Non-Class:  4.86 MB
       Class:  9.78 MB
        Both:  14.64 MB

MaxMetaspaceSize: 384.00 MB
CompressedClassSpaceSize: 320.00 MB
Initial GC threshold: 21.00 MB
Current GC threshold: 59.69 MB
CDS: on
 - commit_granule_bytes: 65536.
 - commit_granule_words: 8192.
 - virtual_space_node_default_size: 8388608.
 - enlarge_chunks_in_place: 1.
UseCompressedClassPointers 1, UseCompactObjectHeaders 0
Narrow klass pointer bits 32, Max shift 3
Narrow klass base: 0x000001cf0f000000, Narrow klass shift: 0
Encoding Range: [0x000001cf0f000000 - 0x000001d00f000000), (4294967296 bytes)
Klass Range:    [0x000001cf0f000000 - 0x000001cf24000000), (352321536 bytes)
Klass ID Range:  [8 - 352321529) (352321521)


Internal statistics:

num_allocs_failed_limit: 12.
num_arena_births: 2914.
num_arena_deaths: 0.
num_vsnodes_births: 2.
num_vsnodes_deaths: 0.
num_space_committed: 788.
num_space_uncommitted: 0.
num_chunks_returned_to_freelist: 12.
num_chunks_taken_from_freelist: 5059.
num_chunk_merges: 12.
num_chunk_splits: 3352.
num_chunks_enlarged: 2116.
num_inconsistent_stats: 0.

CodeHeap 'non-profiled nmethods': size=120064Kb used=2723Kb max_used=2723Kb free=117340Kb
 bounds [0x000001cf07ac0000, 0x000001cf07d70000, 0x000001cf0f000000]
CodeHeap 'profiled nmethods': size=120000Kb used=8897Kb max_used=8897Kb free=111102Kb
 bounds [0x000001cf00000000, 0x000001cf008c0000, 0x000001cf07530000]
CodeHeap 'non-nmethods': size=5696Kb used=2805Kb max_used=2918Kb free=2890Kb
 bounds [0x000001cf07530000, 0x000001cf07820000, 0x000001cf07ac0000]
CodeCache: size=245760Kb, used=14425Kb, max_used=14538Kb, free=231332Kb
 total_blobs=6351, nmethods=5463, adapters=793, full_count=0
Compilation: enabled, stopped_count=0, restarted_count=0

Compilation events (20 events):
Event: 32.431 Thread 0x000001cf24022e60 6011       4       java.lang.Long::bitCount (61 bytes)
Event: 32.432 Thread 0x000001cf24022e60 nmethod 6011 0x000001cf07d67888 code [0x000001cf07d67980, 0x000001cf07d67a60]
Event: 32.434 Thread 0x000001cf24032000 6012       3       com.google.common.collect.ImmutableSet$Builder::build (32 bytes)
Event: 32.434 Thread 0x000001cf24032000 nmethod 6012 0x000001cf008aad88 code [0x000001cf008aaee0, 0x000001cf008ab338]
Event: 32.504 Thread 0x000001cf24032000 6013       3       com.google.common.collect.ImmutableSet$Builder::<init> (31 bytes)
Event: 32.505 Thread 0x000001cf24032000 nmethod 6013 0x000001cf008ab388 code [0x000001cf008ab4e0, 0x000001cf008aba98]
Event: 32.548 Thread 0x000001cf24032000 6014       3       com.google.common.collect.ImmutableSet::of (9 bytes)
Event: 32.549 Thread 0x000001cf24032000 nmethod 6014 0x000001cf008abb08 code [0x000001cf008abc60, 0x000001cf008ac130]
Event: 32.549 Thread 0x000001cf24032000 6015       3       com.google.common.collect.SingletonImmutableSet::<init> (13 bytes)
Event: 32.549 Thread 0x000001cf24032000 nmethod 6015 0x000001cf008ac188 code [0x000001cf008ac2e0, 0x000001cf008ac710]
Event: 32.579 Thread 0x000001cf24032000 6016       3       com.google.common.cache.LocalCache::usesWriteQueue (5 bytes)
Event: 32.579 Thread 0x000001cf24032000 nmethod 6016 0x000001cf008ac788 code [0x000001cf008ac8a0, 0x000001cf008aca70]
Event: 32.582 Thread 0x000001cf24032000 6017       3       java.lang.invoke.LambdaForm$Name::<init> (20 bytes)
Event: 32.584 Thread 0x000001cf24032000 nmethod 6017 0x000001cf008acb08 code [0x000001cf008accc0, 0x000001cf008ad550]
Event: 32.625 Thread 0x000001cf24032000 6018       3       org.gradle.internal.instantiation.generator.AsmBackedClassGenerator$ClassBuilderImpl::access$5800 (4 bytes)
Event: 32.625 Thread 0x000001cf24032000 nmethod 6018 0x000001cf008ad608 code [0x000001cf008ad720, 0x000001cf008ad810]
Event: 32.629 Thread 0x000001cf24032000 6019       3       java.lang.ThreadLocal$ThreadLocalMap::getEntryAfterMiss (59 bytes)
Event: 32.629 Thread 0x000001cf24032000 nmethod 6019 0x000001cf008ad908 code [0x000001cf008ada80, 0x000001cf008ae160]
Event: 32.721 Thread 0x000001cf24032000 6020       3       com.google.common.collect.AbstractMultimap::<init> (5 bytes)
Event: 32.721 Thread 0x000001cf24032000 nmethod 6020 0x000001cf008ae188 code [0x000001cf008ae2a0, 0x000001cf008ae400]

GC Heap History (12 events):
Event: 3.385 GC heap before
{Heap before GC invocations=0 (full 0):
 garbage-first heap   total reserved 524288K, committed 264192K, used 52336K [0x00000000e0000000, 0x0000000100000000)
  region size 1024K, 47 young (48128K), 0 survivors (0K)
 Metaspace       used 4456K, committed 4736K, reserved 393216K
  class space    used 389K, committed 512K, reserved 327680K
}
Event: 3.407 GC heap after
{Heap after GC invocations=1 (full 0):
 garbage-first heap   total reserved 524288K, committed 264192K, used 12115K [0x00000000e0000000, 0x0000000100000000)
  region size 1024K, 6 young (6144K), 6 survivors (6144K)
 Metaspace       used 4456K, committed 4736K, reserved 393216K
  class space    used 389K, committed 512K, reserved 327680K
}
Event: 11.503 GC heap before
{Heap before GC invocations=1 (full 0):
 garbage-first heap   total reserved 524288K, committed 264192K, used 118611K [0x00000000e0000000, 0x0000000100000000)
  region size 1024K, 108 young (110592K), 6 survivors (6144K)
 Metaspace       used 14486K, committed 14912K, reserved 393216K
  class space    used 1502K, committed 1728K, reserved 327680K
}
Event: 11.522 GC heap after
{Heap after GC invocations=2 (full 0):
 garbage-first heap   total reserved 524288K, committed 264192K, used 21393K [0x00000000e0000000, 0x0000000100000000)
  region size 1024K, 14 young (14336K), 14 survivors (14336K)
 Metaspace       used 14486K, committed 14912K, reserved 393216K
  class space    used 1502K, committed 1728K, reserved 327680K
}
Event: 15.841 GC heap before
{Heap before GC invocations=2 (full 0):
 garbage-first heap   total reserved 524288K, committed 264192K, used 67473K [0x00000000e0000000, 0x0000000100000000)
  region size 1024K, 61 young (62464K), 14 survivors (14336K)
 Metaspace       used 20834K, committed 21504K, reserved 393216K
  class space    used 2245K, committed 2560K, reserved 327680K
}
Event: 15.853 GC heap after
{Heap after GC invocations=3 (full 0):
 garbage-first heap   total reserved 524288K, committed 264192K, used 24555K [0x00000000e0000000, 0x0000000100000000)
  region size 1024K, 12 young (12288K), 12 survivors (12288K)
 Metaspace       used 20834K, committed 21504K, reserved 393216K
  class space    used 2245K, committed 2560K, reserved 327680K
}
Event: 23.291 GC heap before
{Heap before GC invocations=4 (full 0):
 garbage-first heap   total reserved 524288K, committed 262144K, used 144363K [0x00000000e0000000, 0x0000000100000000)
  region size 1024K, 126 young (129024K), 12 survivors (12288K)
 Metaspace       used 34946K, committed 35968K, reserved 393216K
  class space    used 3760K, committed 4224K, reserved 327680K
}
Event: 23.312 GC heap after
{Heap after GC invocations=5 (full 0):
 garbage-first heap   total reserved 524288K, committed 262144K, used 34149K [0x00000000e0000000, 0x0000000100000000)
  region size 1024K, 13 young (13312K), 13 survivors (13312K)
 Metaspace       used 34946K, committed 35968K, reserved 393216K
  class space    used 3760K, committed 4224K, reserved 327680K
}
Event: 23.632 GC heap before
{Heap before GC invocations=5 (full 0):
 garbage-first heap   total reserved 524288K, committed 262144K, used 38245K [0x00000000e0000000, 0x0000000100000000)
  region size 1024K, 18 young (18432K), 13 survivors (13312K)
 Metaspace       used 35226K, committed 36288K, reserved 393216K
  class space    used 3807K, committed 4288K, reserved 327680K
}
Event: 23.645 GC heap after
{Heap after GC invocations=6 (full 0):
 garbage-first heap   total reserved 524288K, committed 262144K, used 33780K [0x00000000e0000000, 0x0000000100000000)
  region size 1024K, 9 young (9216K), 9 survivors (9216K)
 Metaspace       used 35226K, committed 36288K, reserved 393216K
  class space    used 3807K, committed 4288K, reserved 327680K
}
Event: 23.724 GC heap before
{Heap before GC invocations=6 (full 0):
 garbage-first heap   total reserved 524288K, committed 262144K, used 35828K [0x00000000e0000000, 0x0000000100000000)
  region size 1024K, 12 young (12288K), 9 survivors (9216K)
 Metaspace       used 35528K, committed 36608K, reserved 393216K
  class space    used 3843K, committed 4352K, reserved 327680K
}
Event: 23.732 GC heap after
{Heap after GC invocations=7 (full 0):
 garbage-first heap   total reserved 524288K, committed 262144K, used 34000K [0x00000000e0000000, 0x0000000100000000)
  region size 1024K, 10 young (10240K), 10 survivors (10240K)
 Metaspace       used 35528K, committed 36608K, reserved 393216K
  class space    used 3843K, committed 4352K, reserved 327680K
}

Dll operation events (15 events):
Event: 0.041 Loaded shared library C:\Users\haak1\.jdks\openjdk-24.0.1\bin\java.dll
Event: 0.136 Loaded shared library C:\Users\haak1\.jdks\openjdk-24.0.1\bin\jsvml.dll
Event: 0.252 Loaded shared library C:\Users\haak1\.jdks\openjdk-24.0.1\bin\zip.dll
Event: 0.263 Loaded shared library C:\Users\haak1\.jdks\openjdk-24.0.1\bin\instrument.dll
Event: 0.275 Loaded shared library C:\Users\haak1\.jdks\openjdk-24.0.1\bin\net.dll
Event: 0.284 Loaded shared library C:\Users\haak1\.jdks\openjdk-24.0.1\bin\nio.dll
Event: 0.291 Loaded shared library C:\Users\haak1\.jdks\openjdk-24.0.1\bin\zip.dll
Event: 1.239 Loaded shared library C:\Users\haak1\.jdks\openjdk-24.0.1\bin\jimage.dll
Event: 1.760 Loaded shared library C:\Users\haak1\.jdks\openjdk-24.0.1\bin\verify.dll
Event: 2.187 Loaded shared library C:\Users\haak1\.gradle\native\1def1411415f61bf3af743bc5b6707747c0891f09f0c88961ee8f79bc544acac\windows-amd64\native-platform.dll
Event: 2.312 Loaded shared library C:\Users\haak1\.gradle\native\0.2.7\x86_64-windows-gnu\gradle-fileevents.dll
Event: 5.531 Loaded shared library C:\Users\haak1\.jdks\openjdk-24.0.1\bin\management.dll
Event: 5.539 Loaded shared library C:\Users\haak1\.jdks\openjdk-24.0.1\bin\management_ext.dll
Event: 6.827 Loaded shared library C:\Users\haak1\.jdks\openjdk-24.0.1\bin\extnet.dll
Event: 9.140 Loaded shared library C:\Users\haak1\.jdks\openjdk-24.0.1\bin\sunmscapi.dll

Deoptimization events (20 events):
Event: 31.805 Thread 0x000001cf29fe7c40 DEOPT PACKING pc=0x000001cf07b65794 sp=0x000000805d8f7c50
Event: 31.805 Thread 0x000001cf29fe7c40 DEOPT UNPACKING pc=0x000001cf07655902 sp=0x000000805d8f7b00 mode 2
Event: 31.805 Thread 0x000001cf29fe7c40 Uncommon trap: trap_request=0xffffff4d fr.pc=0x000001cf07c10c68 relative=0x00000000000001a8
Event: 31.805 Thread 0x000001cf29fe7c40 Uncommon trap: reason=unstable_if action=reinterpret pc=0x000001cf07c10c68 method=java.lang.invoke.LambdaForm$BasicType.basicType(C)Ljava/lang/invoke/LambdaForm$BasicType; @ 1 c2
Event: 31.805 Thread 0x000001cf29fe7c40 DEOPT PACKING pc=0x000001cf07c10c68 sp=0x000000805d8f7ac0
Event: 31.805 Thread 0x000001cf29fe7c40 DEOPT UNPACKING pc=0x000001cf07655902 sp=0x000000805d8f7988 mode 2
Event: 31.895 Thread 0x000001cf29fe7c40 Uncommon trap: trap_request=0xffffffde fr.pc=0x000001cf07cc17b0 relative=0x0000000000001870
Event: 31.895 Thread 0x000001cf29fe7c40 Uncommon trap: reason=class_check action=maybe_recompile pc=0x000001cf07cc17b0 method=java.util.regex.Pattern$CharProperty.study(Ljava/util/regex/Pattern$TreeInfo;)Z @ 25 c2
Event: 31.895 Thread 0x000001cf29fe7c40 DEOPT PACKING pc=0x000001cf07cc17b0 sp=0x000000805d8fa540
Event: 31.895 Thread 0x000001cf29fe7c40 DEOPT UNPACKING pc=0x000001cf07655902 sp=0x000000805d8fa408 mode 2
Event: 31.898 Thread 0x000001cf29fe7c40 Uncommon trap: trap_request=0xffffffde fr.pc=0x000001cf07cc17b0 relative=0x0000000000001870
Event: 31.898 Thread 0x000001cf29fe7c40 Uncommon trap: reason=class_check action=maybe_recompile pc=0x000001cf07cc17b0 method=java.util.regex.Pattern$CharProperty.study(Ljava/util/regex/Pattern$TreeInfo;)Z @ 25 c2
Event: 31.898 Thread 0x000001cf29fe7c40 DEOPT PACKING pc=0x000001cf07cc17b0 sp=0x000000805d8fa540
Event: 31.898 Thread 0x000001cf29fe7c40 DEOPT UNPACKING pc=0x000001cf07655902 sp=0x000000805d8fa408 mode 2
Event: 31.912 Thread 0x000001cf29fe7c40 DEOPT PACKING pc=0x000001cf005dc276 sp=0x000000805d8fa2c0
Event: 31.912 Thread 0x000001cf29fe7c40 DEOPT UNPACKING pc=0x000001cf07586642 sp=0x000000805d8f97c0 mode 0
Event: 32.431 Thread 0x000001cf29fe7c40 Uncommon trap: trap_request=0xffffff4d fr.pc=0x000001cf07b68bd8 relative=0x0000000000000058
Event: 32.431 Thread 0x000001cf29fe7c40 Uncommon trap: reason=unstable_if action=reinterpret pc=0x000001cf07b68bd8 method=java.util.BitSet.length()I @ 4 c2
Event: 32.431 Thread 0x000001cf29fe7c40 DEOPT PACKING pc=0x000001cf07b68bd8 sp=0x000000805d8f7d00
Event: 32.431 Thread 0x000001cf29fe7c40 DEOPT UNPACKING pc=0x000001cf07655902 sp=0x000000805d8f7ca0 mode 2

Classes loaded (20 events):
Event: 30.227 Loading class java/io/FileWriter
Event: 30.231 Loading class java/io/FileWriter done
Event: 31.353 Loading class java/util/concurrent/atomic/AtomicReferenceFieldUpdater
Event: 31.377 Loading class java/util/concurrent/atomic/AtomicReferenceFieldUpdater done
Event: 31.377 Loading class java/util/concurrent/atomic/AtomicReferenceFieldUpdater$AtomicReferenceFieldUpdaterImpl
Event: 31.399 Loading class java/util/concurrent/atomic/AtomicReferenceFieldUpdater$AtomicReferenceFieldUpdaterImpl done
Event: 31.400 Loading class sun/reflect/misc/ReflectUtil
Event: 31.412 Loading class sun/reflect/misc/ReflectUtil done
Event: 31.806 Loading class jdk/internal/reflect/MethodHandleBooleanFieldAccessorImpl
Event: 31.807 Loading class jdk/internal/reflect/MethodHandleBooleanFieldAccessorImpl done
Event: 31.815 Loading class jdk/internal/reflect/MethodHandleLongFieldAccessorImpl
Event: 31.819 Loading class jdk/internal/reflect/MethodHandleLongFieldAccessorImpl done
Event: 31.836 Loading class java/util/IdentityHashMap$EntrySet
Event: 31.866 Loading class java/util/IdentityHashMap$EntrySet done
Event: 31.866 Loading class java/util/IdentityHashMap$EntryIterator
Event: 31.869 Loading class java/util/IdentityHashMap$EntryIterator done
Event: 31.869 Loading class java/util/IdentityHashMap$EntryIterator$Entry
Event: 31.888 Loading class java/util/IdentityHashMap$EntryIterator$Entry done
Event: 32.588 Loading class java/util/DualPivotQuicksort
Event: 32.598 Loading class java/util/DualPivotQuicksort done

Classes unloaded (0 events):
No events

Classes redefined (0 events):
No events

Internal exceptions (20 events):
Event: 29.634 Thread 0x000001cf29fe7c40 Exception <a 'java/lang/ClassNotFoundException'{0x00000000e96b7520}: settings_amkoi8be8k0wx1nfs32xni8avCustomizer> (0x00000000e96b7520) 
thrown [s\open\src\hotspot\share\classfile\systemDictionary.cpp, line 327]
Event: 29.646 Thread 0x000001cf29fe7c40 Exception <a 'java/lang/ClassNotFoundException'{0x00000000e9546b88}: org/gradle/initialization/DefaultSettings_DecoratedBeanInfo> (0x00000000e9546b88) 
thrown [s\open\src\hotspot\share\classfile\systemDictionary.cpp, line 327]
Event: 29.647 Thread 0x000001cf29fe7c40 Exception <a 'java/lang/ClassNotFoundException'{0x00000000e95534b0}: org/gradle/initialization/DefaultSettingsBeanInfo> (0x00000000e95534b0) 
thrown [s\open\src\hotspot\share\classfile\systemDictionary.cpp, line 327]
Event: 29.650 Thread 0x000001cf29fe7c40 Exception <a 'java/lang/ClassNotFoundException'{0x00000000e955f860}: org/gradle/initialization/DefaultSettingsCustomizer> (0x00000000e955f860) 
thrown [s\open\src\hotspot\share\classfile\systemDictionary.cpp, line 327]
Event: 29.660 Thread 0x000001cf29fe7c40 Exception <a 'java/lang/ClassNotFoundException'{0x00000000e95a9040}: org/gradle/initialization/DefaultSettings_DecoratedCustomizer> (0x00000000e95a9040) 
thrown [s\open\src\hotspot\share\classfile\systemDictionary.cpp, line 327]
Event: 29.671 Thread 0x000001cf29fe7c40 Exception <a 'java/lang/ClassNotFoundException'{0x00000000e941f180}: org/gradle/initialization/DefaultProjectDescriptorBeanInfo> (0x00000000e941f180) 
thrown [s\open\src\hotspot\share\classfile\systemDictionary.cpp, line 327]
Event: 29.672 Thread 0x000001cf29fe7c40 Exception <a 'java/lang/ClassNotFoundException'{0x00000000e942b050}: org/gradle/initialization/DefaultProjectDescriptorCustomizer> (0x00000000e942b050) 
thrown [s\open\src\hotspot\share\classfile\systemDictionary.cpp, line 327]
Event: 31.807 Thread 0x000001cf29fe7c40 Exception <a 'java/lang/NoSuchMethodError'{0x00000000e7c8c798}: 'void java.lang.invoke.DirectMethodHandle$Holder.invokeSpecial(java.lang.Object, java.lang.Object, java.lang.Object, int)'> (0x00000000e7c8c798) 
thrown [s\open\src\hotspot\share\interpreter\linkResolver.cpp, line 805]
Event: 31.808 Thread 0x000001cf29fe7c40 Exception <a 'java/lang/NoSuchMethodError'{0x00000000e7c95818}: 'void java.lang.invoke.DelegatingMethodHandle$Holder.reinvoke_L(java.lang.Object, java.lang.Object, int)'> (0x00000000e7c95818) 
thrown [s\open\src\hotspot\share\interpreter\linkResolver.cpp, line 805]
Event: 31.808 Thread 0x000001cf29fe7c40 Exception <a 'java/lang/NoSuchMethodError'{0x00000000e7ca67d8}: 'int java.lang.invoke.Invokers$Holder.invokeExact_MT(java.lang.Object, java.lang.Object, java.lang.Object)'> (0x00000000e7ca67d8) 
thrown [s\open\src\hotspot\share\interpreter\linkResolver.cpp, line 805]
Event: 31.820 Thread 0x000001cf29fe7c40 Exception <a 'java/lang/NoSuchMethodError'{0x00000000e7cd7218}: 'long java.lang.invoke.DelegatingMethodHandle$Holder.reinvoke_L(java.lang.Object, java.lang.Object)'> (0x00000000e7cd7218) 
thrown [s\open\src\hotspot\share\interpreter\linkResolver.cpp, line 805]
Event: 31.822 Thread 0x000001cf29fe7c40 Exception <a 'java/lang/NoSuchMethodError'{0x00000000e7cf0160}: 'void java.lang.invoke.DelegatingMethodHandle$Holder.reinvoke_L(java.lang.Object, java.lang.Object, long)'> (0x00000000e7cf0160) 
thrown [s\open\src\hotspot\share\interpreter\linkResolver.cpp, line 805]
Event: 31.822 Thread 0x000001cf29fe7c40 Exception <a 'java/lang/NoSuchMethodError'{0x00000000e7b013b0}: 'long java.lang.invoke.Invokers$Holder.invokeExact_MT(java.lang.Object, java.lang.Object, java.lang.Object)'> (0x00000000e7b013b0) 
thrown [s\open\src\hotspot\share\interpreter\linkResolver.cpp, line 805]
Event: 32.096 Thread 0x000001cf29fe7c40 Exception <a 'java/lang/NoSuchMethodError'{0x00000000e79ab970}: 'void java.lang.invoke.Invokers$Holder.invokeExact_MT(java.lang.Object, java.lang.Object, java.lang.Object, java.lang.Object)'> (0x00000000e79ab970) 
thrown [s\open\src\hotspot\share\interpreter\linkResolver.cpp, line 805]
Event: 32.100 Thread 0x000001cf29fe7c40 Exception <a 'java/lang/ClassNotFoundException'{0x00000000e79e6cd8}: org/gradle/internal/serialize/codecs/core/ClosureCodec$BrokenScriptBeanInfo> (0x00000000e79e6cd8) 
thrown [s\open\src\hotspot\share\classfile\systemDictionary.cpp, line 327]
Event: 32.101 Thread 0x000001cf29fe7c40 Exception <a 'java/lang/ClassNotFoundException'{0x00000000e79f3b60}: org/gradle/internal/serialize/codecs/core/ClosureCodec$BrokenScriptCustomizer> (0x00000000e79f3b60) 
thrown [s\open\src\hotspot\share\classfile\systemDictionary.cpp, line 327]
Event: 32.103 Thread 0x000001cf29fe7c40 Exception <a 'java/lang/ClassNotFoundException'{0x00000000e780c7d0}: org/gradle/api/invocation/GradleBeanInfo> (0x00000000e780c7d0) 
thrown [s\open\src\hotspot\share\classfile\systemDictionary.cpp, line 327]
Event: 32.103 Thread 0x000001cf29fe7c40 Exception <a 'java/lang/ClassNotFoundException'{0x00000000e7817a40}: org/gradle/api/invocation/GradleCustomizer> (0x00000000e7817a40) 
thrown [s\open\src\hotspot\share\classfile\systemDictionary.cpp, line 327]
Event: 32.106 Thread 0x000001cf29fe7c40 Exception <a 'java/lang/NoSuchMethodError'{0x00000000e7834f80}: 'void java.lang.invoke.Invokers$Holder.invokeExact_MT(java.lang.Object, java.lang.Object, int, java.lang.Object)'> (0x00000000e7834f80) 
thrown [s\open\src\hotspot\share\interpreter\linkResolver.cpp, line 805]
Event: 32.114 Thread 0x000001cf29fe7c40 Exception <a 'java/lang/NoSuchMethodError'{0x00000000e78702e8}: 'void java.lang.invoke.Invokers$Holder.invokeExact_MT(java.lang.Object, java.lang.Object, long, java.lang.Object)'> (0x00000000e78702e8) 
thrown [s\open\src\hotspot\share\interpreter\linkResolver.cpp, line 805]

VM Operations (20 events):
Event: 23.789 Executing VM operation: HandshakeAllThreads (Deoptimize)
Event: 23.789 Executing VM operation: HandshakeAllThreads (Deoptimize) done
Event: 24.390 Executing VM operation: HandshakeAllThreads (Deoptimize)
Event: 24.390 Executing VM operation: HandshakeAllThreads (Deoptimize) done
Event: 25.475 Executing VM operation: HandshakeAllThreads (Deoptimize)
Event: 25.476 Executing VM operation: HandshakeAllThreads (Deoptimize) done
Event: 25.720 Executing VM operation: HandshakeAllThreads (Deoptimize)
Event: 25.720 Executing VM operation: HandshakeAllThreads (Deoptimize) done
Event: 26.739 Executing VM operation: HandshakeAllThreads (Deoptimize)
Event: 26.739 Executing VM operation: HandshakeAllThreads (Deoptimize) done
Event: 28.594 Executing VM operation: HandshakeAllThreads (Deoptimize)
Event: 28.613 Executing VM operation: HandshakeAllThreads (Deoptimize) done
Event: 29.435 Executing VM operation: HandshakeAllThreads (Deoptimize)
Event: 29.435 Executing VM operation: HandshakeAllThreads (Deoptimize) done
Event: 30.232 Executing VM operation: HandshakeAllThreads (Deoptimize)
Event: 30.232 Executing VM operation: HandshakeAllThreads (Deoptimize) done
Event: 30.910 Executing VM operation: HandshakeAllThreads (Deoptimize)
Event: 30.910 Executing VM operation: HandshakeAllThreads (Deoptimize) done
Event: 31.965 Executing VM operation: HandshakeAllThreads (Deoptimize)
Event: 31.965 Executing VM operation: HandshakeAllThreads (Deoptimize) done

Memory protections (0 events):
No events

Nmethod flushes (20 events):
Event: 23.766 Thread 0x000001cf24004f30 flushing  nmethod 0x000001cf0020d208
Event: 23.766 Thread 0x000001cf24004f30 flushing  nmethod 0x000001cf00214108
Event: 23.766 Thread 0x000001cf24004f30 flushing  nmethod 0x000001cf002c5c88
Event: 23.766 Thread 0x000001cf24004f30 flushing  nmethod 0x000001cf002c9988
Event: 23.766 Thread 0x000001cf24004f30 flushing  nmethod 0x000001cf002e1888
Event: 23.766 Thread 0x000001cf24004f30 flushing  nmethod 0x000001cf002e8f88
Event: 23.766 Thread 0x000001cf24004f30 flushing  nmethod 0x000001cf002e9b08
Event: 23.766 Thread 0x000001cf24004f30 flushing  nmethod 0x000001cf002ea488
Event: 23.766 Thread 0x000001cf24004f30 flushing  nmethod 0x000001cf002eb008
Event: 23.766 Thread 0x000001cf24004f30 flushing  nmethod 0x000001cf002eb908
Event: 23.766 Thread 0x000001cf24004f30 flushing  nmethod 0x000001cf0033af88
Event: 23.766 Thread 0x000001cf24004f30 flushing  nmethod 0x000001cf0033d988
Event: 23.766 Thread 0x000001cf24004f30 flushing  nmethod 0x000001cf00368608
Event: 23.766 Thread 0x000001cf24004f30 flushing  nmethod 0x000001cf0036ed08
Event: 23.766 Thread 0x000001cf24004f30 flushing  nmethod 0x000001cf0039f608
Event: 23.766 Thread 0x000001cf24004f30 flushing  nmethod 0x000001cf003a0c88
Event: 23.766 Thread 0x000001cf24004f30 flushing  nmethod 0x000001cf003f2f88
Event: 23.766 Thread 0x000001cf24004f30 flushing  nmethod 0x000001cf00433a08
Event: 23.766 Thread 0x000001cf24004f30 flushing  nmethod 0x000001cf00433d88
Event: 23.766 Thread 0x000001cf24004f30 flushing  nmethod 0x000001cf00436988

Events (20 events):
Event: 26.986 Thread 0x000001cf2a40a3d0 Thread exited: 0x000001cf2a40a3d0
Event: 27.407 Thread 0x000001cf29fe7c40 Thread added: 0x000001cf2a630db0
Event: 27.410 Thread 0x000001cf29fe7c40 Thread added: 0x000001cf2a62a000
Event: 27.412 Thread 0x000001cf29fe7c40 Thread added: 0x000001cf2a62f7c0
Event: 27.414 Thread 0x000001cf29fe7c40 Thread added: 0x000001cf2a62ff10
Event: 27.532 Thread 0x000001cf29fe7c40 Thread added: 0x000001cf2a417650
Event: 27.533 Thread 0x000001cf29fe7c40 Thread added: 0x000001cf2a4125e0
Event: 27.534 Thread 0x000001cf29fe7c40 Thread added: 0x000001cf2a413bd0
Event: 27.534 Thread 0x000001cf29fe7c40 Thread added: 0x000001cf2a411740
Event: 27.557 Thread 0x000001cf24032000 Thread added: 0x000001cf2a40a3d0
Event: 27.841 Thread 0x000001cf2a40a3d0 Thread exited: 0x000001cf2a40a3d0
Event: 27.881 Thread 0x000001cf29fe7c40 Thread added: 0x000001cf2a4167b0
Event: 28.483 Thread 0x000001cf29fe7c40 Thread added: 0x000001cf2a414a70
Event: 28.581 Thread 0x000001cf29fe7c40 Thread added: 0x000001cf2a4108a0
Event: 28.582 Thread 0x000001cf29fe7c40 Thread added: 0x000001cf2a415910
Event: 28.583 Thread 0x000001cf29fe7c40 Thread added: 0x000001cf2a4151c0
Event: 28.583 Thread 0x000001cf29fe7c40 Thread added: 0x000001cf2a411e90
Event: 28.630 Thread 0x000001cf29fe7c40 Thread added: 0x000001cf2a414320
Event: 28.688 Thread 0x000001cf29fe7c40 Thread added: 0x000001cf2a416060
Event: 29.252 Thread 0x000001cf29fe7c40 Thread added: 0x000001cf2a417da0


Dynamic libraries:
0x00007ff7b6190000 - 0x00007ff7b619e000 	C:\Users\haak1\.jdks\openjdk-24.0.1\bin\java.exe
0x00007ffd339f0000 - 0x00007ffd33c07000 	C:\WINDOWS\SYSTEM32\ntdll.dll
0x00007ffd331e0000 - 0x00007ffd332a4000 	C:\WINDOWS\System32\KERNEL32.DLL
0x00007ffd30ee0000 - 0x00007ffd312b2000 	C:\WINDOWS\System32\KERNELBASE.dll
0x00007ffd312c0000 - 0x00007ffd313d1000 	C:\WINDOWS\System32\ucrtbase.dll
0x00007ffd293e0000 - 0x00007ffd293f6000 	C:\Users\haak1\.jdks\openjdk-24.0.1\bin\jli.dll
0x00007ffd1e5e0000 - 0x00007ffd1e5fb000 	C:\Users\haak1\.jdks\openjdk-24.0.1\bin\VCRUNTIME140.dll
0x00007ffd31cf0000 - 0x00007ffd31ea1000 	C:\WINDOWS\System32\USER32.dll
0x00007ffd30b50000 - 0x00007ffd30b76000 	C:\WINDOWS\System32\win32u.dll
0x00007ffd31eb0000 - 0x00007ffd31ed9000 	C:\WINDOWS\System32\GDI32.dll
0x00007ffd31520000 - 0x00007ffd31643000 	C:\WINDOWS\System32\gdi32full.dll
0x00007ffd19b90000 - 0x00007ffd19e2b000 	C:\WINDOWS\WinSxS\amd64_microsoft.windows.common-controls_6595b64144ccf1df_6.0.22621.5547_none_27104afb73855772\COMCTL32.dll
0x00007ffd30ab0000 - 0x00007ffd30b4a000 	C:\WINDOWS\System32\msvcp_win.dll
0x00007ffd316b0000 - 0x00007ffd31757000 	C:\WINDOWS\System32\msvcrt.dll
0x00007ffd32c10000 - 0x00007ffd32c41000 	C:\WINDOWS\System32\IMM32.DLL
0x00007ffd1e5d0000 - 0x00007ffd1e5dc000 	C:\Users\haak1\.jdks\openjdk-24.0.1\bin\vcruntime140_1.dll
0x00007ffd1e540000 - 0x00007ffd1e5ce000 	C:\Users\haak1\.jdks\openjdk-24.0.1\bin\msvcp140.dll
0x00007ffccf0e0000 - 0x00007ffccfe82000 	C:\Users\haak1\.jdks\openjdk-24.0.1\bin\server\jvm.dll
0x00007ffd337e0000 - 0x00007ffd33891000 	C:\WINDOWS\System32\ADVAPI32.dll
0x00007ffd32b60000 - 0x00007ffd32c08000 	C:\WINDOWS\System32\sechost.dll
0x00007ffd30eb0000 - 0x00007ffd30ed8000 	C:\WINDOWS\System32\bcrypt.dll
0x00007ffd31850000 - 0x00007ffd31964000 	C:\WINDOWS\System32\RPCRT4.dll
0x00007ffd317d0000 - 0x00007ffd31841000 	C:\WINDOWS\System32\WS2_32.dll
0x00007ffd292e0000 - 0x00007ffd29314000 	C:\WINDOWS\SYSTEM32\WINMM.dll
0x00007ffd23160000 - 0x00007ffd2316a000 	C:\WINDOWS\SYSTEM32\VERSION.dll
0x00007ffd30250000 - 0x00007ffd3029d000 	C:\WINDOWS\SYSTEM32\POWRPROF.dll
0x00007ffd30100000 - 0x00007ffd30113000 	C:\WINDOWS\SYSTEM32\UMPDC.dll
0x00007ffd2fb20000 - 0x00007ffd2fb38000 	C:\WINDOWS\SYSTEM32\kernel.appcore.dll
0x00007ffd1e530000 - 0x00007ffd1e53a000 	C:\Users\haak1\.jdks\openjdk-24.0.1\bin\jimage.dll
0x00007ffd2e490000 - 0x00007ffd2e6c3000 	C:\WINDOWS\SYSTEM32\DBGHELP.DLL
0x00007ffd32e40000 - 0x00007ffd331d3000 	C:\WINDOWS\System32\combase.dll
0x00007ffd338a0000 - 0x00007ffd33977000 	C:\WINDOWS\System32\OLEAUT32.dll
0x00007ffd14e10000 - 0x00007ffd14e42000 	C:\WINDOWS\SYSTEM32\dbgcore.DLL
0x00007ffd313e0000 - 0x00007ffd3145b000 	C:\WINDOWS\System32\bcryptPrimitives.dll
0x00007ffd1e520000 - 0x00007ffd1e52f000 	C:\Users\haak1\.jdks\openjdk-24.0.1\bin\instrument.dll
0x00007ffd1e500000 - 0x00007ffd1e51e000 	C:\Users\haak1\.jdks\openjdk-24.0.1\bin\java.dll
0x00007ffd32010000 - 0x00007ffd321b0000 	C:\WINDOWS\System32\ole32.dll
0x00007ffd322b0000 - 0x00007ffd32b52000 	C:\WINDOWS\System32\SHELL32.dll
0x00007ffd30d70000 - 0x00007ffd30eaf000 	C:\WINDOWS\System32\wintypes.dll
0x00007ffd2e990000 - 0x00007ffd2f2ad000 	C:\WINDOWS\SYSTEM32\windows.storage.dll
0x00007ffd31b60000 - 0x00007ffd31c6c000 	C:\WINDOWS\System32\SHCORE.dll
0x00007ffd31c80000 - 0x00007ffd31ce9000 	C:\WINDOWS\System32\shlwapi.dll
0x00007ffd309e0000 - 0x00007ffd30a0b000 	C:\WINDOWS\SYSTEM32\profapi.dll
0x00007ffd16ec0000 - 0x00007ffd16f97000 	C:\Users\haak1\.jdks\openjdk-24.0.1\bin\jsvml.dll
0x00007ffd1e4e0000 - 0x00007ffd1e4f7000 	C:\Users\haak1\.jdks\openjdk-24.0.1\bin\zip.dll
0x00007ffd1e4d0000 - 0x00007ffd1e4e0000 	C:\Users\haak1\.jdks\openjdk-24.0.1\bin\net.dll
0x00007ffd2ffb0000 - 0x00007ffd30019000 	C:\WINDOWS\system32\mswsock.dll
0x00007ffd1df60000 - 0x00007ffd1df76000 	C:\Users\haak1\.jdks\openjdk-24.0.1\bin\nio.dll
0x00007ffd1e4c0000 - 0x00007ffd1e4d0000 	C:\Users\haak1\.jdks\openjdk-24.0.1\bin\verify.dll
0x00007ffd29480000 - 0x00007ffd294a7000 	C:\Users\haak1\.gradle\native\1def1411415f61bf3af743bc5b6707747c0891f09f0c88961ee8f79bc544acac\windows-amd64\native-platform.dll
0x00007ffd1dee0000 - 0x00007ffd1df58000 	C:\Users\haak1\.gradle\native\0.2.7\x86_64-windows-gnu\gradle-fileevents.dll
0x00007ffd1ded0000 - 0x00007ffd1deda000 	C:\Users\haak1\.jdks\openjdk-24.0.1\bin\management.dll
0x00007ffd16eb0000 - 0x00007ffd16ebb000 	C:\Users\haak1\.jdks\openjdk-24.0.1\bin\management_ext.dll
0x00007ffd32e30000 - 0x00007ffd32e38000 	C:\WINDOWS\System32\PSAPI.DLL
0x00007ffd2f550000 - 0x00007ffd2f57d000 	C:\WINDOWS\SYSTEM32\IPHLPAPI.DLL
0x00007ffd31ee0000 - 0x00007ffd31ee9000 	C:\WINDOWS\System32\NSI.dll
0x00007ffd16ea0000 - 0x00007ffd16ea9000 	C:\Users\haak1\.jdks\openjdk-24.0.1\bin\extnet.dll
0x00007ffd302a0000 - 0x00007ffd302bb000 	C:\WINDOWS\SYSTEM32\CRYPTSP.dll
0x00007ffd2fa10000 - 0x00007ffd2fa47000 	C:\WINDOWS\system32\rsaenh.dll
0x00007ffd300d0000 - 0x00007ffd300f8000 	C:\WINDOWS\SYSTEM32\USERENV.dll
0x00007ffd302c0000 - 0x00007ffd302cc000 	C:\WINDOWS\SYSTEM32\CRYPTBASE.dll
0x00007ffd16e90000 - 0x00007ffd16e9e000 	C:\Users\haak1\.jdks\openjdk-24.0.1\bin\sunmscapi.dll
0x00007ffd30c00000 - 0x00007ffd30d67000 	C:\WINDOWS\System32\CRYPT32.dll
0x00007ffd30460000 - 0x00007ffd3048d000 	C:\WINDOWS\SYSTEM32\ncrypt.dll
0x00007ffd30420000 - 0x00007ffd30457000 	C:\WINDOWS\SYSTEM32\NTASN1.dll
0x00007ffd217f0000 - 0x00007ffd217f8000 	C:\WINDOWS\system32\wshunix.dll

JVMTI agents:
C:\Users\haak1\.gradle\wrapper\dists\gradle-8.14.3-bin\cv11ve7ro1n3o1j4so8xd9n66\gradle-8.14.3\lib\agents\gradle-instrumentation-agent-8.14.3.jar path:C:\Users\haak1\.jdks\openjdk-24.0.1\bin\instrument.dll, loaded, initialized, instrumentlib options:none

dbghelp: loaded successfully - version: 4.0.5 - missing functions: none
symbol engine: initialized successfully - sym options: 0x614 - pdb path: .;C:\Users\haak1\.jdks\openjdk-24.0.1\bin;C:\WINDOWS\SYSTEM32;C:\WINDOWS\WinSxS\amd64_microsoft.windows.common-controls_6595b64144ccf1df_6.0.22621.5547_none_27104afb73855772;C:\Users\haak1\.jdks\openjdk-24.0.1\bin\server;C:\Users\haak1\.gradle\native\1def1411415f61bf3af743bc5b6707747c0891f09f0c88961ee8f79bc544acac\windows-amd64;C:\Users\haak1\.gradle\native\0.2.7\x86_64-windows-gnu

VM Arguments:
jvm_args: --add-opens=java.base/java.lang=ALL-UNNAMED --add-opens=java.base/java.lang.invoke=ALL-UNNAMED --add-opens=java.base/java.util=ALL-UNNAMED --add-opens=java.prefs/java.util.prefs=ALL-UNNAMED --add-exports=jdk.compiler/com.sun.tools.javac.api=ALL-UNNAMED --add-exports=jdk.compiler/com.sun.tools.javac.util=ALL-UNNAMED --add-opens=java.base/java.util=ALL-UNNAMED --add-opens=java.prefs/java.util.prefs=ALL-UNNAMED --add-opens=java.base/java.nio.charset=ALL-UNNAMED --add-opens=java.base/java.net=ALL-UNNAMED --add-opens=java.base/java.util.concurrent.atomic=ALL-UNNAMED --add-opens=java.xml/javax.xml.namespace=ALL-UNNAMED --enable-native-access=ALL-UNNAMED -XX:MaxMetaspaceSize=384m -XX:+HeapDumpOnOutOfMemoryError -Xms256m -Xmx512m -Dfile.encoding=UTF-8 -Duser.country=KR -Duser.language=ko -Duser.variant -javaagent:C:\Users\haak1\.gradle\wrapper\dists\gradle-8.14.3-bin\cv11ve7ro1n3o1j4so8xd9n66\gradle-8.14.3\lib\agents\gradle-instrumentation-agent-8.14.3.jar 
java_command: org.gradle.launcher.daemon.bootstrap.GradleDaemon 8.14.3
java_class_path (initial): C:\Users\haak1\.gradle\wrapper\dists\gradle-8.14.3-bin\cv11ve7ro1n3o1j4so8xd9n66\gradle-8.14.3\lib\gradle-daemon-main-8.14.3.jar
Launcher Type: SUN_STANDARD

[Global flags]
     intx CICompilerCount                          = 4                                         {product} {ergonomic}
   size_t CompressedClassSpaceSize                 = 335544320                                 {product} {ergonomic}
     uint ConcGCThreads                            = 2                                         {product} {ergonomic}
     uint G1ConcRefinementThreads                  = 8                                         {product} {ergonomic}
   size_t G1HeapRegionSize                         = 1048576                                   {product} {ergonomic}
     bool HeapDumpOnOutOfMemoryError               = true                                   {manageable} {command line}
   size_t InitialHeapSize                          = 268435456                                 {product} {command line}
   size_t MarkStackSize                            = 4194304                                   {product} {ergonomic}
   size_t MarkStackSizeMax                         = 536870912                                 {product} {ergonomic}
   size_t MaxHeapSize                              = 536870912                                 {product} {command line}
   size_t MaxMetaspaceSize                         = 402653184                                 {product} {command line}
   size_t MaxNewSize                               = 321912832                                 {product} {ergonomic}
   size_t MinHeapDeltaBytes                        = 1048576                                   {product} {ergonomic}
   size_t MinHeapSize                              = 268435456                                 {product} {command line}
    uintx NonNMethodCodeHeapSize                   = 5832704                                {pd product} {ergonomic}
    uintx NonProfiledCodeHeapSize                  = 122945536                              {pd product} {ergonomic}
    uintx ProfiledCodeHeapSize                     = 122880000                              {pd product} {ergonomic}
    uintx ReservedCodeCacheSize                    = 251658240                              {pd product} {ergonomic}
     bool SegmentedCodeCache                       = true                                      {product} {ergonomic}
   size_t SoftMaxHeapSize                          = 536870912                              {manageable} {ergonomic}
     bool UseCompressedOops                        = true                           {product lp64_product} {ergonomic}
     bool UseG1GC                                  = true                                      {product} {ergonomic}
     bool UseLargePagesIndividualAllocation        = false                                  {pd product} {ergonomic}

Logging:
Log output configuration:
 #0: stdout all=warning uptime,level,tags foldmultilines=false
 #1: stderr all=off uptime,level,tags foldmultilines=false

Environment Variables:
PATH=C:\Program Files (x86)\Common Files\Oracle\Java\javapath;C:\Program Files (x86)\VMware\VMware Player\bin\;C:\WINDOWS\system32;C:\WINDOWS;C:\WINDOWS\System32\Wbem;C:\WINDOWS\System32\WindowsPowerShell\v1.0\;C:\WINDOWS\System32\OpenSSH\;C:\Program Files (x86)\dotnet\;C:\Program Files\Git\cmd;C:\Program Files\Docker\Docker\resources\bin;C:\Users\haak1\AppData\Roaming\Python\Scripts\poetry;C:\MinGW\bin;C:\Program Files\MongoDB\Server\8.0\bin;C:\Users\haak1\cmder;C:\Program Files\Bandizip\;C:\Program Files\dotnet\;C:\Users\haak1\AppData\Local\nvm;C:\nvm4w\nodejs;C:\Users\haak1\.pyenv\pyenv-win\bin;C:\Users\haak1\.pyenv\pyenv-win\shims;C:\Users\haak1\AppData\Local\Programs\Python\Python312\Scripts\;C:\Users\haak1\AppData\Local\Programs\Python\Python312\;C:\Users\haak1\miniconda3;C:\Users\haak1\miniconda3\Library\mingw-w64\bin;C:\Users\haak1\miniconda3\Library\usr\bin;C:\Users\haak1\miniconda3\Library\bin;C:\Users\haak1\miniconda3\Scripts;C:\Users\haak1\AppData\Local\Microsoft\WindowsApps;C:\Program Files\JetBrains\PyCharm Community Edition 2023.2\bin;C:\Users\haak1\AppData\Local\Programs\Microsoft VS Code\bin;C:\Users\haak1\Desktop\boostcamp\source;C:\Users\haak1\AppData\Roaming\Python\Scripts\poetry;C:\Users\haak1\AppData\Local\Programs\Ollama;C:\Users\haak1\AppData\Local\Programs\Espanso;C:\Users\haak1\AppData\Local\Muse Hub\lib;C:\Users\haak1\AppData\Local\JetBrains\Toolbox\scripts;C:\Program Files\MySQL\MySQL Server 9.3\bin;C:\Users\haak1\AppData\Local\nvm;C:\nvm4w\nodejs;
USERNAME=haak1
OS=Windows_NT
PROCESSOR_IDENTIFIER=Intel64 Family 6 Model 140 Stepping 1, GenuineIntel
TMP=C:\Users\haak1\AppData\Local\Temp
TEMP=C:\Users\haak1\AppData\Local\Temp




Periodic native trim disabled

---------------  S Y S T E M  ---------------

OS:
 Windows 11 , 64 bit Build 22621 (10.0.22621.5415)
OS uptime: 0 days 0:41 hours
Hyper-V role detected

CPU: total 8 (initial active 8) (4 cores per cpu, 2 threads per core) family 6 model 140 stepping 1 microcode 0x8a, cx8, cmov, fxsr, ht, mmx, 3dnowpref, sse, sse2, sse3, ssse3, sse4.1, sse4.2, popcnt, lzcnt, tsc, tscinvbit, avx, avx2, aes, erms, clmul, bmi1, bmi2, adx, avx512f, avx512dq, avx512cd, avx512bw, avx512vl, sha, fma, vzeroupper, avx512_vpopcntdq, avx512_vpclmulqdq, avx512_vaes, avx512_vnni, clflush, clflushopt, clwb, avx512_vbmi2, avx512_vbmi, hv, rdtscp, rdpid, fsrm, gfni, avx512_bitalg, f16c, cet_ibt, cet_ss, avx512_ifma
Processor Information for the first 8 processors :
  Max Mhz: 2419, Current Mhz: 2419, Mhz Limit: 2419

Memory: 4k page, system-wide physical 20259M (3324M free)
TotalPageFile size 24022M (AvailPageFile size 3428M)
current process WorkingSet (physical memory assigned to process): 313M, peak: 327M
current process commit charge ("private bytes"): 448M, peak: 478M

vm_info: OpenJDK 64-Bit Server VM (24.0.1+9-30) for windows-amd64 JRE (24.0.1+9-30), built on 2025-03-05T07:23:45Z with MS VC++ 17.6 (VS2022)

END.
